"Fla","cell style copy supported except excludeBugTunnelActivity,
showAoeCasts, showWCLActivePercentage and 
showConditionalFormattingDamageTaken
totalAndInformationRowsDefaultTemplate is the template for all
rows with sums etc.; values are always centered
","","=VLOOKUP(VALUE(SUBSTITUTE(INDEX(SPLIT(INDEX(SPLIT($X3,""[""),0,2),""],""),0,1),""*"","""")),DE!$A$2:$B$30000,2,FALSE)","","","","","","","","","","","","","","","","","","","","","","","","true = aura, false or empty = cast
--number-- = cooldown in seconds
++number++ = active time in seconds","","","","","","",""," ","",""," ","","","","","","","","","","","","","* = id is only evaluated for lower than max rank casts (if only max 
     rank is optimal)","","","","","","* = id is only evaluated for lower than max rank casts 
     (if only max rank is optimal)","","","","","","each entry leads to three rows:
ability used on trash, ability used on bosses
and an empty row for cosmetic reasons
classCooldowns are currently still hardcoded
--number-- = cooldown in seconds
++number++ = active time in seconds","","","","","","","","","","","","","","","","","","","","","","","","","","","","","","","","","","","","","","","","","","","","","","","","","","","","","","","","","","","","","","","","","","","","","","","","","","","","","","","","","","","","","","","","","","","","","","","","","","","","","","","","","","","","","","","","","","","","","","","","","","","","","","","","","","","","","","","","","","","","","","","","","","","","",""
"","functionality active [true/false]","","damageTaken tracked [id]","damageTaken tracked DE","damageTaken tracked CN","damageTaken tracked RU","damageTaken tracked FR","","debuffs tracked [id]","debuffs tracked DE","debuffs tracked CN","debuffs tracked RU","debuffs tracked FR","","rangeposition [startRow] {headerText}","rangeposition DE","rangeposition CN","rangeposition RU","rangeposition FR","","statsAndMisc tracked [id]","statsAndMisc tracked DE","statsAndMisc tracked CN","statsAndMisc tracked RU","statsAndMisc tracked FR","","trinketsAndRacials tracked [id] {true/false}","trinketsAndRacials tracked DE","trinketsAndRacials tracked CN","trinketsAndRacials tracked RU","trinketsAndRacials tracked FR","","engineering tracked [id]","engineering tracked DE","engineering tracked CN","engineering tracked RU","engineering tracked FR","","otherCasts tracked [id]","otherCasts tracked DE","otherCasts tracked CN","otherCasts tracked RU","otherCasts tracked FR","","absorbs tracked [id]","absorbs tracked DE","absorbs tracked CN","absorbs tracked RU","absorbs tracked FR","","singleTargetCasts tracked Druid [id] {baseCastTime}","singleTargetCasts tracked Druid DE","singleTargetCasts tracked Druid CN","singleTargetCasts tracked Druid RU","singleTargetCasts tracked Druid FR","","aoeCasts tracked Druid [id] {baseCastTime}","aoeCasts tracked Druid DE","aoeCasts tracked Druid CN","aoeCasts tracked Druid RU","aoeCasts tracked Druid FR","","classCooldowns tracked Druid [id]","classCooldowns tracked Druid DE","classCooldowns tracked Druid CN","classCooldowns tracked Druid RU","classCooldowns tracked Druid FR","","singleTargetCasts tracked Hunter [id] {baseCastTime}","singleTargetCasts tracked Hunter DE","singleTargetCasts tracked Hunter CN","singleTargetCasts tracked Hunter RU","singleTargetCasts tracked Hunter FR","","aoeCasts tracked Hunter [id] {baseCastTime}","aoeCasts tracked Hunter DE","aoeCasts tracked Hunter CN","aoeCasts tracked Hunter RU","aoeCasts tracked Hunter FR","","classCooldowns tracked Hunter [id]","classCooldowns tracked Hunter DE","classCooldowns tracked Hunter CN","classCooldowns tracked Hunter RU","classCooldowns tracked Hunter FR","","singleTargetCasts tracked Mage [id] {baseCastTime}","singleTargetCasts tracked Mage DE","singleTargetCasts tracked Mage CN","singleTargetCasts tracked Mage RU","singleTargetCasts tracked Mage FR","","aoeCasts tracked Mage [id] {baseCastTime}","aoeCasts tracked Mage DE","aoeCasts tracked Mage CN","aoeCasts tracked Mage RU","aoeCasts tracked Mage FR","","classCooldowns tracked Mage [id]","classCooldowns tracked Mage DE","classCooldowns tracked Mage CN","classCooldowns tracked Mage RU","classCooldowns tracked Mage FR","","singleTargetCasts tracked Paladin [id] {baseCastTime}","singleTargetCasts tracked Paladin DE","singleTargetCasts tracked Paladin CN","singleTargetCasts tracked Paladin RU","singleTargetCasts tracked Paladin FR","","aoeCasts tracked Paladin [id] {baseCastTime}","aoeCasts tracked Paladin DE","aoeCasts tracked Paladin CN","aoeCasts tracked Paladin RU","aoeCasts tracked Paladin FR","","classCooldowns tracked Paladin [id]","classCooldowns tracked Paladin DE","classCooldowns tracked Paladin CN","classCooldowns tracked Paladin RU","classCooldowns tracked Paladin FR","","singleTargetCasts tracked Priest [id] {baseCastTime}","singleTargetCasts tracked Priest DE","singleTargetCasts tracked Priest CN","singleTargetCasts tracked Priest RU","singleTargetCasts tracked Priest FR","","aoeCasts tracked Priest [id] {baseCastTime}","aoeCasts tracked Priest DE","aoeCasts tracked Priest CN","aoeCasts tracked Priest RU","aoeCasts tracked Priest FR","","classCooldowns tracked Priest [id]","classCooldowns tracked Priest DE","classCooldowns tracked Priest CN","classCooldowns tracked Priest RU","classCooldowns tracked Priest FR","","singleTargetCasts tracked Rogue [id] {baseCastTime}","singleTargetCasts tracked Rogue DE","singleTargetCasts tracked Rogue CN","singleTargetCasts tracked Rogue RU","singleTargetCasts tracked Rogue FR","","aoeCasts tracked Rogue [id] {baseCastTime}","aoeCasts tracked Rogue DE","aoeCasts tracked Rogue CN","aoeCasts tracked Rogue RU","aoeCasts tracked Rogue FR","","classCooldowns tracked Rogue [id]","classCooldowns tracked Rogue DE","classCooldowns tracked Rogue CN","classCooldowns tracked Rogue RU","classCooldowns tracked Rogue FR","","singleTargetCasts tracked Shaman [id] {baseCastTime}","singleTargetCasts tracked Shaman DE","singleTargetCasts tracked Shaman CN","singleTargetCasts tracked Shaman RU","singleTargetCasts tracked Shaman FR","","aoeCasts tracked Shaman [id] {baseCastTime}","aoeCasts tracked Shaman DE","aoeCasts tracked Shaman CN","aoeCasts tracked Shaman RU","aoeCasts tracked Shaman FR","","classCooldowns tracked Shaman [id]","classCooldowns tracked Shaman DE","classCooldowns tracked Shaman CN","classCooldowns tracked Shaman RU","classCooldowns tracked Shaman FR","","singleTargetCasts tracked Warlock [id] {baseCastTime}","singleTargetCasts tracked Warlock DE","singleTargetCasts tracked Warlock CN","singleTargetCasts tracked Warlock RU","singleTargetCasts tracked Warlock FR","","aoeCasts tracked Warlock [id] {baseCastTime}","aoeCasts tracked Warlock DE","aoeCasts tracked Warlock CN","aoeCasts tracked Warlock RU","aoeCasts tracked Warlock FR","","classCooldowns tracked Warlock [id]","classCooldowns tracked Warlock DE","classCooldowns tracked Warlock CN","classCooldowns tracked Warlock RU","classCooldowns tracked Warlock FR","","singleTargetCasts tracked Warrior [id] {baseCastTime}","singleTargetCasts tracked Warrior DE","singleTargetCasts tracked Warrior CN","singleTargetCasts tracked Warrior RU","singleTargetCasts tracked Warrior FR","","aoeCasts tracked Warrior [id] {baseCastTime}","aoeCasts tracked Warrior DE","aoeCasts tracked Warrior CN","aoeCasts tracked Warrior RU","aoeCasts tracked Warrior FR","","classCooldowns tracked Warrior [id]","classCooldowns tracked Warrior DE","classCooldowns tracked Warrior CN","classCooldowns tracked Warrior RU","classCooldowns tracked Warrior FR",""
"","showConditionalFormattingDamageTaken [true]","","Whirlwind [1680,15589,26686,26084,33239,37641,41195,41061,41400,41195]","Wirbelwind","旋风斩","Вихрь","Tourbillon","","Silence [18327]","Stille","沉默","Молчание","Silence","","singleTargetCasts [8] {# of single target casts}","singleTargetCasts DE {# der Einzelzielzauber}","singleTargetCasts CN {# 对单体目标施法次数}","singleTargetCasts RU {Количество кастов в цель}","singleTargetCasts FR {# de casts monocible}","","Battle Shout uptime on you%","Schlachtruf-Uptime in %","战斗怒吼对你的覆盖率%","Аптайм Боевого Крика на тебе%","Durée du Cri de guerre, sur toi en %","","Auslese's Light Channeler [31794] --180--","Ausleses Lichtkanalisierer","奥丝蕾的光芒护符","Камень Света Ауслезе","Canalisateur de lumière d'Auslese","","Dense Dynamite [23063]","Dichtes Dynamit","致密炸弹","Концентрированный динамит","Dynamite dense","","Dense Stone Statue [32805]","Verdichtete Steinstatue","厚重石像","Статуя из массивного камня","Statue en pierre dense","","Nature Absorption [30999]","Naturabsorption","自然吸收","Поглощение урона от Сил Природы","Absorption de Nature","","Faerie Fire (uptime%) [770*,778*,9749*,9907*,26993] {1.5}","Feenfeuer (Uptime%)","精灵之火 (覆盖率%)","Волшебный огонь (аптайм%)","Lucioles (uptime%)","","Hurricane [16914*,17401*,17402*,27012] {5}","Hurrikan","飓风","Гроза","Ouragan","","Blessing of Protection [10278] --300--","Segen des Schutzes","保护祝福","Благословение защиты","Bénédiction de protection","","Aimed Shot [19434*,20900*,20901*,20902*,20903*,20904*,27065] {1.5}","Gezielter Schuss","瞄准射击","Прицельный выстрел","Visée","","Multi-Shot [2643*,14288*,14289*,14290*,25294*,27021] {1.5}","Mehrfachschuss","多重射击","Залп","Flèches multiples","","Blessing of Protection [10278] --300--","Segen des Schutzes","保护祝福","Благословение защиты","Bénédiction de protection","","Arcane Blast [30451] {2}","Arkanschlag","奥术冲击","Чародейская вспышка","Déflagration des arcanes","","Arcane Explosion (rank 2+) [8437*,8438*,8439*,10201*,10202*,27080*,27082] {1.5}","Arkane Explosion (Rang 2+)","魔爆术 (等级 2+)","Чародейский взрыв (ранг 2+)","Explosion des arcanes (rang 2+)","","Blessing of Protection [10278] --300--","Segen des Schutzes","保护祝福","Благословение защиты","Bénédiction de protection","","Cleanse [4987] {1.5}","Reinigung des Glaubens","清洁术","Очищение","Epuration","","Consecration [26573*,20116*,20922*,20923*,20924*,27173] {4}","Weihe","奉献","Освящение","Consécration","","Blessing of Protection [10278] --300--","Segen des Schutzes","保护祝福","Благословение защиты","Bénédiction de protection","","Mana Burn [8129,8131*,10874*,10875*,10876*,25379*,25380] {3}","Manabrand","法力燃烧","Сожжение маны","Brûlure de mana","","Circle of Healing (rank 5) (overheal%) [34866] {1.5}","Kreis der Heilung (Rang 5) (Overheal%)","治疗之环 (等级 5) (过量治疗%)","Круг исцеления (ранг 5) (оверхил%)","Cercle de soins (rang 5) (overheal%)","","Blessing of Protection [10278] --300--","Segen des Schutzes","保护祝福","Благословение защиты","Bénédiction de protection","","Ambush [8676*,8724*,8725*,11267*,11268*,11269*,27441] {1}","Hinterhalt","伏击","Внезапный удар","Embuscade","","Blade Flurry [13877] {1}","Klingenwirbel","剑刃乱舞","Шквал клинков","Déluge de lames","","Blessing of Protection [10278] --300--","Segen des Schutzes","保护祝福","Благословение защиты","Bénédiction de protection","","Earth Shock [8042,8044*,8045*,8046*,10412*,10413*,10414*,25454] {1.5}","Erdschock","地震术","Земной шок","Horion de terre","","Chain Heal (rank 5) (overheal%) [25423] {2.5}","Kettenheilung (Rang 5) (Overheal%)","治疗链 (等级 5) (过量治疗%)","Цепное исцеление (ранг 5) (оверхил%)","Salve de guérison (rang 5) (overheal%)","","Blessing of Protection [10278] --300--","Segen des Schutzes","保护祝福","Благословение защиты","Bénédiction de protection","","Armor [706*,1086*,11733*,11734*,11735*,28176*,28189,27260] {1.5}","Rüstung","甲术","Демонический доспех","Armure démoniaque","","Hellfire [11684*,11683*,1949*,27213] {7.5}","Höllenfeuer","地狱烈焰","Адское пламя","Flammes infernales","","Blessing of Protection [10278] --300--","Segen des Schutzes","保护祝福","Благословение защиты","Bénédiction de protection","","Battle Shout (uptime by you total%) [6673*,5242*,6192*,11549*,11550*,11551*,25289*,2048] {1.5}","Schlachtruf (Uptime durch dich total%)","战斗怒吼 (你的总覆盖率%)","Боевой крик (Общая аптайм от вас%)","Cri de guerre (uptime total sur vous%)","","Cleave [845*,7369*,11608*,11609*,20569*,25231] {0.5}","Spalten","顺劈斩","Рассекающий удар","Enchaînement","","Blessing of Protection [10278] --300--","Segen des Schutzes","保护祝福","Благословение защиты","Bénédiction de protection",""
"","showDamageReflectRow [true]","","Rain of Fire [5740,11678,11677,6219,28794,34435,37465,43440,31598,24669,31340,33508,33627,33972,34360,36808,37279,38635,42023]","Feuerregen","火焰之雨","Огненный ливень","Pluie de feu","","Mana Burn [26049]","Manabrand","法力燃烧","Сожжение маны","Brûlure de mana","","aoeCasts [69] {# of aoe casts}","aoeCasts DE {# der Flächenschadenzauber}","aoeCasts CN {# aoe施法次数}","aoeCasts RU {Количество АОЕ кастов}","aoeCasts FR {# de casts aoe}","","Commanding Shout uptime on you%","Befehlsruf-Uptime in %","命令怒吼对你的覆盖率%","Аптайм Командирского Крика на тебе%","Durée du Cri de commandement, sur toi en %","","Bangle of Endless Blessings [34210] {true} --120-- ++20++","Reif des unendlichen Segens","无尽祝福法链","Браслет Нескончаемого Блаженства","Bracelet des bénédictions infinies","","Heavy Dynamite [4062]","Schweres Dynamit","烈性炸药","Тяжелый динамит","Dynamite puissante","","Drums of Battle [35476,351771,351355]","Trommeln der Schlacht","战斗之鼓","Барабаны битвы","Tambours de bataille","","Major Nature Protection Potion [28513]","Erheblicher Naturschutztrank","特效自然防护药水","Большое зелье защиты от сил природы","Potion de protection contre la Nature majeure","","Faerie Fire (Feral) (uptime%) [16857*,17390*,17391*,17392*,27011] {1.5}","Feenfeuer (Tiergestalt) (Uptime%)","精灵之火（野性) (覆盖率%)","Волшебный огонь (сила зверя) (аптайм%)","Lucioles (farouche) (uptime%)","","","","","","","","Bloodlust [2825] --600-- ++40++","Kampfrausch","嗜血","Кровожадность","Furie sanguinaire","","Arcane Shot [3044,14281*,14282*,14283*,14284*,14285*,14286*,14287*,27019] {1.5}","Arkaner Schuss","奥术射击","Чародейский выстрел","Tir des arcanes","","Volley [1510*,14294*,14295*,27022] {3}","Salve","乱射","Град стрел","Salve","","Bloodlust [2825] --600-- ++40++","Kampfrausch","嗜血","Кровожадность","Furie sanguinaire","","Arcane Brilliance/Arcane Intellect [1459*,1460*,1461*,10156*,23028*,10157*,27126,27127] {1.5}","Arkane Brillanz/Arkaner Intellekt","奥术光辉/奥术智慧","Чародейская гениальность/Чародейский интеллект","Illumination des arcanes/Intelligence des arcanes","","Arcane Explosion (rank 1) [1449] {1.5}","Arkane Explosion (Rang 1)","魔爆术 (等级 1)","Чародейский взрыв (ранг 1)","Explosion des arcanes (rang 1)","","Bloodlust [2825] --600-- ++40++","Kampfrausch","嗜血","Кровожадность","Furie sanguinaire","","Holy Shield [20925*,20927*,20928*,27179] {1.5}","Heiliger Schild","神圣之盾","Щит небес","Bouclier sacré","","","","","","","","Bloodlust [2825] --600-- ++40++","Kampfrausch","嗜血","Кровожадность","Furie sanguinaire","","Mind Blast (VT efficiency%) [8092*,8102*,8104*,8105*,8106*,10945*,10946*,10947*,25372*,25375] {1.5}","Gedankenschlag (Vampirberührungseffizienz%)","心灵震爆 (吸血鬼之触效率%)","Взрыв разума (эффективность Прикосновение вампира%)","Attaque mentale (efficacité du Toucher vampirique%)","","Circle of Healing (rank 4) (overheal%) [34865] {1.5}","Kreis der Heilung (Rang 4) (Overheal%)","治疗之环 (等级 4) (过量治疗%)","Круг исцеления (ранг 4) (оверхил%)","Cercle de soins (rang 4) (overheal%)","","Bloodlust [2825] --600-- ++40++","Kampfrausch","嗜血","Кровожадность","Furie sanguinaire","","Backstab [53*,2589*,2590*,2591*,8721*,11279*,11280*,11281*,25300*,26863] {1.5}","Meucheln","背刺","Удар в спину","Attaque sournoise","","","","","","","","Bloodlust [2825] --600-- ++40++","Kampfrausch","嗜血","Кровожадность","Furie sanguinaire","","Flame Shock [8050,8052*,8053*,10447*,10448*,29228*,25457] {1.5}","Flammenschock","烈焰震击","Огненный шок","Horion de flammes","","Chain Heal (rank 4) (overheal%) [25422] {2.5}","Kettenheilung (Rang 4) (Overheal%)","治疗链 (等级 4) (过量治疗%)","Цепное исцеление (ранг 4) (оверхил%)","Salve de guérison (rang 4) (overheal%)","","Bloodlust [2825] --600-- ++40++","Kampfrausch","嗜血","Кровожадность","Furie sanguinaire","","Banish [710,18647] {1.5}","Verbannen","放逐术","Изгнание","Bannir","","Rain of Fire [5740*,6219*,11677*,11678*,27212] {4}","Feuerregen","火焰之雨","Огненный ливень","Pluie de feu","","Bloodlust [2825] --600-- ++40++","Kampfrausch","嗜血","Кровожадность","Furie sanguinaire","","Berserker Stance [2458] {1}","Berserkerhaltung","狂暴姿态","Стойка берсерка","Posture berserker","","Whirlwind [1680] {1.5}","Wirbelwind","旋风斩","Вихрь","Tourbillon","","Bloodlust [2825] --600-- ++40++","Kampfrausch","嗜血","Кровожадность","Furie sanguinaire",""
"","showDamageDoneWithOilOfImmolation [true]","","Fire Shield [8317,8316,2947,11770,11771]","Feuerschild","火焰之盾","Огненный щит","Bouclier de feu","","Silence [26069]","Stille","沉默","Молчание","Silence","","secondsActive [82]","secondsActive DE","secondsActive CN","secondsActive RU","secondsActive FR","","Critical heals done","Gewirkte kritische Heilungen","暴击治疗","Криты исцеления","Soins critiques émis","","Direbrew Hops [51954] {true} --120-- ++20++","Düsterbräuhopfen","烈酒蛇麻草","Пивные дрожжи Худовара","Houblon navrebière","","Arcane Bomb [19821]","Nachklingen","回响","Чародейская бомба","Bombe des arcanes","","Drums of Panic [35474]","Trommeln der Panik","恐慌之鼓","Барабаны паники","Tambours de panique","","Greater Nature Protection Potion [17546]","Großer Naturschutztrank","强效自然防护药水","Сильное зелье защиты от сил природы","Potion de protection contre la Nature supérieure","","Entangling Roots [339*,1062*,5195*,5196*,9852*,9853*,26989] {1.5}","Wucherwurzeln","纠缠根须","Гнев деревьев","Sarments","","","","","","","","Heroism [32182] --600-- ++40++","Heldentum","英勇","Героизм","Héroïsme","","Concussive Shot [5116] {1.5}","Erschütternder Schuss","震荡射击","Шокирующий выстрел","Trait de choc","","Explosive Trap [13813*,14316*,14317*,27025] {1.5}","Sprengfalle","爆炸陷阱","Взрывная ловушка","Piège explosif","","Heroism [32182] --600-- ++40++","Heldentum","英勇","Героизм","Héroïsme","","Arcane Missiles [25346*,10274*,7268*,7269*,7270*,8418*,8419*,10273*,27076*,38700] {1}","Arkane Geschosse","奥术飞弹","Чародейские стрелы","Projectiles des arcanes","","Blast Wave [11113*,13020*,13021*,13018*,13019*,27133*,33933] {1.5}","Druckwelle","冲击波","Взрывная волна","Vague explosive","","Heroism [32182] --600-- ++40++","Heldentum","英勇","Героизм","Héroïsme","","Purify [1152] {1.5}","Läutern","纯净术","Очистить","Purification","","","","","","","","Heroism [32182] --600-- ++40++","Heldentum","英勇","Героизм","Héroïsme","","Mind Flay (Shadow Vuln uptime%) [25387,18807*,17314*,17313*,17312*,17311*,15407*] {2.25}","Gedankenschinden (Schattenverw.-Uptime%)","精神鞭笞 (暗影易伤  覆盖率%)","Пытка разума (Уязвимость к Тьме аптайм%)","Fouet mental (Vulnérabilité à l'Ombre uptime%)","","Circle of Healing (rank 3) (overheal%) [34864] {1.5}","Kreis der Heilung (Rang 3) (Overheal%)","治疗之环 (等级 3) (过量治疗%)","Круг исцеления (ранг 3) (оверхил%)","Cercle de soins (rang 3) (overheal%)","","Heroism [32182] --600-- ++40++","Heldentum","英勇","Героизм","Héroïsme","","Cheap Shot [1833] {1}","Fieser Trick","偷袭","Подлый трюк","Coup bas","","","","","","","","Heroism [32182] --600-- ++40++","Heldentum","英勇","Героизм","Héroïsme","","Frost Shock [8056,8058*,10472*,10473*,25464] {1.5}","Frostschock","冰霜震击","Ледяной шок","Horion de givre","","Chain Heal (rank 3) (overheal%) [10623] {2.5}","Kettenheilung (Rang 3) (Overheal%)","治疗链 (等级 3) (过量治疗%)","Цепное исцеление (ранг 3) (оверхил%)","Salve de guérison (rang 3) (overheal%)","","Heroism [32182] --600-- ++40++","Heldentum","英勇","Героизм","Héroïsme","","Conflagrate [17962*,18930*,18931*,18932*,27266*,30912] {1.5}","Feuersbrunst","燃烧","Поджигание","Conflagration","","Seed of Corruption [27243] {2}","Saat der Verderbnis","腐蚀之种","Семя порчи","Graine de Corruption","","Heroism [32182] --600-- ++40++","Heldentum","英勇","Героизм","Héroïsme","","Bloodthirst [23881*,23892*,23893*,23894*,25251*,30335] {1.5}","Blutdurst","嗜血","Кровожадность","Sanguinaire","","","","","","","","Heroism [32182] --600-- ++40++","Heldentum","英勇","Героизм","Héroïsme",""
"","showInterruptedSpells [true]","","Flames [7897,12796,19628,29115,15643]","Flammen","烈焰","Пламя","Flammes","","Entangling Roots [26071]","Wucherwurzeln","纠缠根须","Гнев деревьев","Sarments","","classCooldowns [90] {Class specific cooldowns}","classCooldowns DE {Klassenspezifische Cooldowns}","classCooldowns CN {职业技能冷却}","classCooldowns RU {Классовые кулдауны}","classCooldowns FR {CD spécifique à la classe}","","Critical outgoing","Gewirkte kritische Treffer","造成暴击","Исходящие криты","Coups critiques portés","","Earring of Soulful Meditation [40402] {true} --120-- ++20++","Ohrring der seelenvollen Meditation","热情冥想耳环","Серьга душевной медитации","Boucle d'oreille de la méditation expressive","","Dark Iron Bomb [19784]","Dunkeleisenbombe","黑铁炸弹","Бомба из черного железа","Bombe en sombrefer","","Drums of Restoration [35478,351769,351358]","Trommeln der Wiederherstellung","恢复之鼓","Барабаны восстановления","Tambours de restauration","","Nature Protection Potion [7254]","Naturschutztrank","自然防护药水","Зелье защиты от сил природы","Potion de protection contre la Nature","","Cyclone [33786] {1.5}","Wirbelsturm","飓风术","Смерч","Cyclone","","","","","","","","Innervate [29166] --360-- ++20++","Anregen","激活","Озарение","Innervation","","Distracting Shot [20736,14274*,15629*,15630*,15631*,15632*,27020] {1.5}","Ablenkender Schuss","扰乱射击","Отвлекающий выстрел","Trait provocateur","","Freezing Trap [1499*,14310*,14311] {1.5}","Eiskältefalle","冰冻陷阱","Замораживающая ловушка","Piège givrant","","Innervate [29166] --360-- ++20++","Anregen","激活","Озарение","Innervation","","Armor [6117*,22782*,22783*,27124,27125,30482,7302*,7320*,10219*,10220*,168*,7300*,7301*] {1.5}","Rüstung","甲术","Магический доспех","Armure du mage","","Blizzard (doesn't count for ⌀) [27085,10187*,10185*,10186*,8427*,6141*,10] {2.5}","Blizzard (zählt nicht für ⌀)","暴风雪 (不算 ⌀)","Снежная буря (не считается за ⌀)","Blizzard (ne compte pas pour ⌀)","","Innervate [29166] --360-- ++20++","Anregen","激活","Озарение","Innervation","","Sense Undead [5502] {1.5}","Untote spüren","感知亡灵","Чутье на нежить","Détection des morts-vivants","","","","","","","","Innervate [29166] --360-- ++20++","Anregen","激活","Озарение","Innervation","","Shadowform [15473] {1.5}","Schattengestalt","暗影形态","Облик Тьмы","Forme d'Ombre","","Circle of Healing (rank 2) (overheal%) [34863] {1.5}","Kreis der Heilung (Rang 2) (Overheal%)","治疗之环 (等级 2) (过量治疗%)","Круг исцеления (ранг 2) (оверхил%)","Cercle de soins (rang 2) (overheal%)","","Innervate [29166] --360-- ++20++","Anregen","激活","Озарение","Innervation","","Deadly Throw [26679] {1}","Tödlicher Wurf","致命投掷","Смертельный бросок","Lancer mortel","","","","","","","","Adrenaline Rush [13750] --300-- ++15++","Adrenalinrausch","冲动","Выброс адреналина","Poussée d'adrénaline","","Lightning Bolt (rank 1-4, mostly rank 4 if not red) [403*,529*,548*,915] {2}","Blitzschlag (Rang 1-4, hauptsächl. Rang 4 wenn Zahl nicht rot ist)","闪电箭 (等级 1-4, 如果不是红色，则大多为 4 级)","Молния (ранг 1-4, обычно ранг 4, если значение не красное)","Eclair (rang 1-4, principalement rang 4 sauf si c'est rouge)","","Chain Heal (rank 2) (overheal%) [10622] {2.5}","Kettenheilung (Rang 2) (Overheal%)","治疗链 (等级 2) (过量治疗%)","Цепное исцеление (ранг 2) (оверхил%)","Salve de guérison (rang 2) (overheal%)","","Innervate [29166] --360-- ++20++","Anregen","激活","Озарение","Innervation","","Corruption [172*,6222*,6223*,7648*,11671*,11672*,25311*,27216] {1.5}","Verderbnis","腐蚀术","Порча","Corruption","","","","","","","","Innervate [29166] --360-- ++20++","Anregen","激活","Озарение","Innervation","","Charge [100*,6178*,11578] {0.5}","Sturmangriff","冲锋","Рывок","Charge","","","","","","","","Berserker Rage [18499] --30--","Berserkerwut","狂暴之怒","Ярость берсерка","Rage berserker",""
"","showInterruptedSpellsNamesRow [true]","","Cleave [797,3433,3434,3435,5532,11427,15284,15496,15579,15584,15613,15622,15623,15663,16044,17685,19632,19642,20571,20605,20666,20677,20684,20691,22540,26350,27794,19983,39174,30131,30619,29665,42746,39047,40505,42373,46468,29561,31043,31345,31779,38474,46559]","Spalten","顺劈斩","Рассекающий удар","Enchaînement","","War Stomp [24375]","Kriegsdonner","战争践踏","Громовая поступь","Choc martial","","statsAndMisc [129] {Stats and Miscellanous}","statsAndMisc DE {Statistiken und Diverses}","statsAndMisc CN {数据及杂项}","statsAndMisc RU {Статы и сторонние расходники}","statsAndMisc FR {Stats et autres}","","Dodge outgoing","Gegner ausgewichen","闪避","Исходящие Уклонения","Coups évités (dodge)","","Essence of the Martyr [35165] {true} --120-- ++20++","Essenz des Märtyrers","殉难者精华","Сущность Мученика","Essence du martyr","","Fel Iron Bomb [30216]","Teufelseisenbombe","魔铁炸弹","Бомба из оскверненного железа","Bombe en gangrefer","","Drums of Speed [35477,351768,351359]","Trommeln des Tempos","速度之鼓","Барабаны скорости","Tambours de vitesse","","Arcane Absorption [31002]","Arkanabsorption","奥术吸收","Поглощение Чар","Absorption des Arcanes","","Insect Swarm (uptime%) [5570*,24974*,24975*,24976*,24977*,27013] {1.5}","Insektenschwarm (Uptime%)","虫群 (覆盖率%)","Рой насекомых (аптайм%)","Essaim d'insectes (uptime%)","","","","","","","","Barkskin [22812] --60--","Baumrinde","树皮术","Дубовая кожа","Ecorce","","Growl [14923*,14924*,14925*,14926*,14927] {0.5}","Knurren","低吼","Рык","Grondement","","Frost Trap [13809] {1.5}","Frostfalle","冰霜陷阱","Ледяная ловушка","Piège de givre","","Bestial Wrath [19574] --120-- ++18++","Zorn des Wildtiers","狂野怒火","Звериный гнев","Courroux bestial","","Blink [1953] {1.5}","Blinzeln","闪现术","Скачок","Transfert","","Dragon's Breath [31661*,33041*,33042*,33043] {1.5}","Drachenodem","龙息术","Дыхание дракона","Souffle du dragon","","Power Infusion [10060] --180-- ++15++","Seele der Macht","能量灌注","Придание сил","Infusion de puissance","","Turn Undead [2878*,5627*,10326] {1.5}","Untote vertreiben","超度亡灵","Изгнание нежити","Renvoi des morts-vivants","","","","","","","","Avenging Wrath [31884] --180-- ++20++","Zornige Vergeltung","复仇之怒","Гнев карателя","Courroux vengeur","","Shadow Word: Death [32379*,32996] {1.5}","Schattenwort: Tod","暗言术：灭","Слово Тьмы: Смерть","Mot de l'ombre : Mort","","Circle of Healing (rank 1) (overheal%) [34861] {1.5}","Kreis der Heilung (Rang 1) (Overheal%)","治疗之环 (等级 1) (过量治疗%)","Круг исцеления (ранг 1) (оверхил%)","Cercle de soins (rang 1) (overheal%)","","Desperate Prayer (dwarf/human only) [25437] --600--","Verzweifeltes Gebet (nur Zwerge/Menschen)","绝望祷言 (矮人而已/仅限人类)","Молитва отчаяния (только карлики/человек)","Prière du désespoir (nain/humain uniquement)","","Disarm Trap [1842] {0.5}","Falle entschärfen","解除陷阱","Обезвреживание ловушки","Désarmement de piège","","","","","","","","Cloak of Shadows [31224] --60-- ++5++","Mantel der Schatten","暗影斗篷","Плащ теней","Cape d'ombre","","Lightning Bolt (rank 5-12, mostly rank 12 if not red) [943*,6041*,10391*,10392*,15207*,15208*,25448*,25449] {2}","Blitzschlag (Rang 5-12, hauptsächl. Rang 12 wenn Zahl nicht rot ist)","闪电箭 (等级 5-12, 如果不是红色，则大多为 12 级)","Молния (ранг 5-12, обычно ранг 12, если значение не красное)","Eclair (rang 5-12, principalement rang 12 sauf si c'est rouge)","","Chain Heal (rank 1) (overheal%) [1064] {2.5}","Kettenheilung (Rang 1) (Overheal%)","治疗链 (等级 1) (过量治疗%)","Цепное исцеление (ранг 1) (оверхил%)","Salve de guérison (rang 1) (overheal%)","","Power Infusion [10060] --180-- ++15++","Seele der Macht","能量灌注","Придание сил","Infusion de puissance","","Curse of Agony [980*,1014*,6217*,11711*,11712*,11713*,27218] {1.5}","Fluch der Pein","痛苦诅咒","Проклятие агонии","Malédiction d'agonie","","","","","","","","Amplify Curse [18288] --180-- ++30++","Fluch verstärken","诅咒增幅","Усиление проклятия","Malédiction amplifiée","","Commanding Shout (uptime by you total%) [469] {1.5}","Befehlsruf (Uptime durch dich%)","命令怒吼 (你的覆盖率%)","Командирский крик (Общая аптайм от вас%)","Cri de commandement (uptime total sur vous%)","","","","","","","","Bloodrage [2687] --60--","Blutrausch","血性狂暴","Кровавая ярость","Rage sanguinaire",""
"","showFriendlyFireRow [true]","","Blizzard [26607,41482]","Blizzard","暴风雪","Снежная буря","Blizzard","","Suppression Aura [22247]","Aura der Unterdrückung","镇压光环","Подавляющая аура","Aura de suppression","","trinketsAndRacials [149] {Trinkets and Racials}","trinketsAndRacials DE {Schmuckstücke und Rassenfertigkeiten}","trinketsAndRacials CN {饰品及种族技能}","trinketsAndRacials RU {Триньки и расовые}","trinketsAndRacials FR {Bijoux et compétences raciales}","","Miss outgoing","Gegner verfehlt","未命中","Исходящие Промахи","Coups manqués (miss)","","Figurine - Seaspray Albatross [46785] --180--","Figur - Gischtalbatross","雕像 - 海浪信天翁","Статуэтка морского альбатроса","Figurine d'albatros en écume","","Hi-Explosive Bomb [12543]","Hochexplosive Bombe","高爆炸弹","Фугасная бомба","Bombe explosive","","Drums of War [35475,351766,351360]","Trommeln des Krieges","战争之鼓","Барабаны войны","Tambours de guerre","","Major Arcane Protection Potion [28536]","Erheblicher Arkanschutztrank","特效奥术防护药水","Большое зелье защиты от тайной магии","Potion de protection contre les Arcanes majeure","","Moonfire (uptime%) [8921*,8924*,8925*,8926*,8927*,8928*,8929*,9833*,9834*,9835*,26987*,26988] {1.5}","Mondfeuer (Uptime%)","月火术 (覆盖率%)","Лунный огонь (аптайм%)","Eclat lunaire (uptime%)","","","","","","","","Challenging Roar [5209] --600--","Herausforderndes Gebrüll","挑战咆哮","Вызывающий рев","Rugissement provocateur","","Kill Command [34026] {1.5}","Fass!","杀戮命令","Команда ""Взять!""","Ordre de tuer","","Immolation Trap [13795*,14302*,14303*,14304*,14305*,27023] {1.5}","Feuerbrandfalle","献祭陷阱","Обжигающая ловушка","Piège d'immolation","","Deterrence [19263] --300-- ++10++","Abschreckung","威慑","Сдерживание","Dissuasion","","Counterspell [2139] {1.5}","Gegenzauber","法术反制","Антимагия","Contresort","","Cone of Cold [120,8492*,10159*,10160*,10161*,27087] {1.5}","Kältekegel","冰锥术","Конус холода","Cône de froid","","Arcane Power/Combustion [12042,11129,28682] --195--","Arkane Macht/Einäschern","奥术强化/燃烧","Мощь тайной магии/Возгорание","Pouvoir des arcanes","","Blessing of Freedom [1044] {1.5}","Segen der Freiheit","自由祝福","Благословение cвободы","Bénédiction de liberté","","","","","","","","Divine Favor [20216] --120--","Göttliche Gunst","神恩术","Божественное одобрение","Faveur divine","","Shadow Word: Pain (uptime%) [25368,25367*,10894*,10893*,10892*,2767*,992*,970*,594*,589*] {1.5}","Schattenwort: Schmerz (Uptime%)","暗言术：痛 (覆盖率%)","Слово Тьмы: Боль (аптайм%)","Mot de l'ombre : Douleur (uptime%)","","Holy Nova (overheal%) [15237*,15430*,15431*,27799*,27800*,27801*,25331] {1.5}","Heilige Nova (Overheal%)","神圣新星 (过量治疗%)","Кольцо Света (оверхил%)","Nova sacrée (overheal%)","","Devouring Plague (undead only) [25467] --180--","Verschlingende Seuche (nur Untote)","噬灵瘟疫 (仅亡灵)","Всепожирающая чума (только нежить)","Peste dévorante (mort-vivant uniquement)","","Distract [1725] {1.5}","Ablenken","扰乱","Отвлечение","Distraction","","","","","","","","Evasion [5277,26669] --300-- ++15++","Entrinnen","闪避","Ускользание","Evasion","","Lightning Shield [324*,325*,905*,945*,8134*,10431*,10432*,25469*,25472] {1.5}","Blitzschlagschild","闪电之盾","Щит молний","Bouclier de foudre","","Chain Lightning [421*,930*,2860*,10605*,25439*,25442] {2}","Kettenblitzschlag","闪电链","Цепная молния","Chaîne d'éclairs","","Elemental Mastery [16166] --180--","Elementarbeherrschung","元素掌握","Покорение стихий","Maîtrise élémentaire","","Curse of Doom [603*,30910] {1.5}","Fluch der Verdammnis","厄运诅咒","Проклятие рока","Malédiction funeste","","","","","","","","Power Infusion [10060] --180-- ++20++","Seele der Macht","能量灌注","Придание сил","Infusion de puissance","","Concussion Blow [12809] {0.5}","Erschütternder Schlag","震荡猛击","Оглушающий удар","Coup traumatisant","","","","","","","","Challenging Shout [1161] --600--","Herausforderungsruf","挑战怒吼","Вызывающий крик","Cri de défi",""
"","showUsedTemporaryWeaponEnchant [false]","","Explode [26059,25699]","Explodieren","爆炸","Взрывание","Exploser","","Silence [30225]","Stille","沉默","Молчание","Silence","","damageTaken [268] {Raw avoidable damage taken by tracked abilities}","damageTaken DE {Vermeidbarer erhaltener Schaden durch ausgewählte Fertigkeiten}","damageTaken CN {来自指定技能的可规避原始伤害}","damageTaken RU {Чистый полученный урон от трекаемых способностей}","damageTaken FR {Dégats brut évitables reçus par technique suivie}","","Parry outgoing","Gegner parriert","偏斜","Исходящие Паррирования","Coups parés (parry)","","Figurine - Talasite Owl [31045] --300--","Figur - Talasiteule","雕像 - 水玉猫头鹰","Статуэтка таласситовой совы","Figurine de chouette de talasite","","The Bigger One [30461]","Der Größere","更大的炸弹","Величайший","L'Encore-Plus-Mastoc","","Bloodthistle [28273]","Blutdistel","血蓟","Кровопийка","Chardon sanglant","","Greater Arcane Protection Potion [17549]","Arkanschutztrank","强效奥术防护药水","Сильное зелье защиты от тайной магии","Potion de protection contre les Arcanes supérieure","","Starfire [2912*,8949*,8950*,8951*,9875*,9876*,25298*,26986] {3.5}","Sternenfeuer","星火术","Звездный огонь","Feu stellaire","","","","","","","","Dash [33357] --300-- ++15++","Spurt","急奔","Порыв","Célérité","","Misdirection [34477] {1.5}","Irreführung","误导","Перенаправление","Détournement","","Snake Trap [34600] {1.5}","Schlangenfalle","毒蛇陷阱","Змеиная ловушка","Piège à serpent","","Rapid Fire [3045] --180-- ++15++","Schnellfeuer","急速射击","Быстрая стрельба","Tir rapide","","Fire Blast [2136*,2137*,2138*,8412*,8413*,10197*,10199*,27078*,27079] {1.5}","Feuerschlag","火焰冲击","Огненный взрыв","Trait de feu","","Frost Nova [122,865*,6131*,10230*,27088] {1.5}","Frostnova","冰霜新星","Кольцо льда","Nova de givre","","Cold Snap [11958] --480--","Kälteeinbruch","急速冷却","Холодная хватка","Morsure de froid","","Blessing of Kings/Greater Blessing of Kings [20217,25898] {1.5}","Segen der Könige/Großer Segen der Könige","王者祝福/强效王者祝福","(Великое) Благословение королей","Bénédiction des rois/Bénédiction des rois supérieure","","","","","","","","Divine Illumination [31842] --180--","Göttliche Eingebung","神启","Божественное просветление","Illumination divine","","Silence [15487] {1.5}","Stille","沉默","Молчание","Silence","","Prayer of Healing (overheal%) [596,996*,10960*,10961*,25316*,25308] {3}","Gebet der Heilung (Overheal%)","治疗祷言 (过量治疗%)","Молитва исцеления (оверхил%)","Prière de soins (overheal%)","","Inner Focus [14751] --180--","Innerer Fokus","心灵专注","Внутреннее сосредоточение","Focalisation améliorée","","Envenom [32645*,32684] {1}","Vergiften","毒伤","Отравление","Envenimer","","","","","","","","Vanish [26889] --300--","Verschwinden","消失","Исчезновение","Disparition","","Purge [370,8012] {1.5}","Reinigen","净化术","Развеивание магии","Expiation","","Fire Nova Totem [1535*,8498*,8499*,11314*,11315*,25546*,25547] {1.5}","Totem der Feuernova","火焰新星图腾","Тотем кольца огня","Totem Nova de feu","","Mana Tide Totem [16190] --300--","Totem der Manaflut","法力之潮图腾","Тотем прилива маны","Totem de Vague de mana","","Curse of Recklessness (uptime%) [704*,7658*,7659*,11717*,27226] {1.5}","Fluch der Tollkühnheit (Uptime%)","鲁莽诅咒 (覆盖率%)","Проклятие безрассудства (аптайм%)","Malédiction de témérité (uptime%)","","","","","","","","Soulshatter [29858] --300--","Seele brechen","灵魂碎裂","Раскол души","Brise-âme","","Defensive Stance [71] {1}","Verteidigungshaltung","防御姿态","Оборонительная стойка","Posture défensive","","","","","","","","Death Wish [12292] --180-- ++30++","Todeswunsch","死亡之愿","Инстинкт смерти","Souhait mortel",""
"","showDeathCountRow [true]","","Impale [26025]","Durchbohren","穿刺","Прокалывание","Empaler","","Fungal Bloom [29232]","Pilzwucher","蘑菇花","Поганочный цвет","Floraison fongique","","debuffs [290] {Avoidable debuffs applied by tracked abilities}","debuffs DE {Vermeidbare Debuffs; sortiert nach Fertigkeiten}","debuffs CN {来自指定技能的可规避debuff}","debuffs RU {Трекающиеся дебаффы}","debuffs FR {Debuffs évitables reçus par technique suivie}","","Resist outgoing","Gegner widerstanden","抵抗","Исходящие Резисты","Coups résistés","","Glimmering Naaru Sliver [45052] --300--","Schimmernder Naarusplitter","闪光的纳鲁薄片","Мерцающая лента наару","Esquille naaru rougeoyante","","Adamantite Grenade [30217]","Adamantitgranate","精金手雷","Адамантитовая граната","Grenade en adamantite","","Fel Blossom [28527] ++15++","Teufelsblüte","野魔花","Скверноцвет","Gangrelys","","Fire Absorption [30997]","Feuerabsorption","火焰吸收","Поглощение огня","Absorption du Feu","","Thorns [467*,782*,1075*,8914*,9756*,9910*,26992] {1.5}","Dornen","荆棘术","Шипы","Epines","","","","","","","","Force of Nature [33831] --180--","Naturgewalt","自然之力","Сила Природы","Force de la nature","","Mongoose Bite [1495*,14269*,14270*,14271*,36916] {1.5}","Mungobiss","猫鼬撕咬","Укус мангуста","Morsure de la mangouste","","","","","","","","Readiness [23989] --300--","Bereitschaft","准备就绪","Готовность","Promptitude","","Fireball [133*,143*,3140*,8400*,8401*,8402*,10148*,10149*,10150*,10151*,25306*,27070] {3}","Feuerball","火球术","Огненный шар","Boule de feu","","Flamestrike (rank 7) [27086] {3}","Flammenstoß (Rang 7)","烈焰风暴 (等级 7)","Огненный столб (ранг 7)","Choc de flammes (rang 7)","","Evocation [12051] --480-- ++8++","Hervorrufung","唤醒","Прилив сил","Evocation","","Blessing of Light/Greater Blessing of Light [19977*,19978*,19979*,25890*,27144,27145] {1.5}","Segen des Lichts/Großer Segen des Lichts","光明祝福/强效光明祝福","(Великое) Благословение Света","Bénédiction de lumière/Bénédiction de lumière supérieure","","","","","","","","Divine Intervention [19752] --3600--","Göttliches Eingreifen","神圣干涉","Божественное вмешательство","Intervention divine","","Vampiric Embrace (uptime%) [15286] {1.5}","Vampirumarmung","吸血鬼的拥抱 (覆盖率%)","Объятия вампира (аптайм%)","Etreinte vampirique (uptime%)","","","","","","","","Pain Suppression [33206] --120-- ++8++","Schmerzunterdrückung","痛苦压制","Подавление боли","Suppression de la douleur","","Eviscerate [2098*,6760*,6761*,6762*,8623*,8624*,11299*,11300*,31016*,26865] {1}","Ausweiden","刺骨","Потрошение","Eviscération","","","","","","","","","","","","","","Earth Elemental Totem [2062] {1.5}","Totem des Erdelementars","土元素图腾","Тотем элементаля земли","Totem d'élémentaire de terre","","Magma Totem [8190*,10585*,10586*,10587*,25552] {1.5}","Totem des glühenden Magmas","熔岩图腾","Тотем магмы","Totem de Magma","","Nature's Swiftness [16188] --180--","Schnelligkeit der Natur","自然迅捷","Природная стремительность","Rapidité de la nature","","Curse of the Elements (uptime%) [1490*,11721*,11722*,27228] {1.5}","Fluch der Elemente (Uptime%)","元素诅咒 (覆盖率%)","Проклятие стихий (аптайм%)","Malédiction des éléments (uptime%)","","","","","","","","","","","","","","Demoralizing Shout (uptime%) [1160*,6190*,11554*,11555*,11556*,25202*,25203] {1.5}","Demoralisierender Ruf (Uptime%)","挫志怒吼 (覆盖率%)","Деморализующий крик (аптайм%)","Cri démoralisant (uptime%)","","","","","","","","Last Stand [12975] --600--","Letztes Gefecht","破釜沉舟","Ни шагу назад","Dernier rempart",""
"","excludeBugTunnelActivity [false]","","Bomb [8858,9143,22334]","Bombe","炸弹","Бомба","Bombe","","Web Wrap [28622]","Fangnetz","蛛网裹体","Опутывание паутиной","Entoilage","","otherCasts [296] {Consumables}","otherCasts DE {Verbrauchsgegenstände}","otherCasts CN {消耗品}","otherCasts RU {Расходники}","otherCasts FR {Consos}","","Critical incoming (Melee hits)","Kritischen Nahkampftreffer erhalten","暴击(敌方近战攻击)","Входящие криты (Автоатаки)","Coups critiques reçus en mêlée","","Lower City Prayerbook [37878,37879,37880,37881] {true} --60-- ++15++","Gebetbuch des unteren Viertels","贫民窟祈祷之书","Книга молитв Нижнего города","Livre de prières de la ville basse","","Frost Grenade [39965]","Frostgranate","冰霜手雷","Замораживающая граната","Grenade de givre","","Flame Cap [28714]","Flammenkappe","烈焰菇","Огненный зев","Chapeflamme","","Major Fire Protection Potion [28511]","Erheblicher Feuerschutztrank","特效防护火焰药水","Большое зелье защиты от огня","Potion de protection contre le Feu majeure","","Wrath [5176*,5177*,5178*,5179*,5180*,6780*,8905*,9912*,26984*,26985] {2}","Zorn","愤怒","Гнев","Colère","","","","","","","","Frenzied Regeneration [26999] --180--","Rasende Regeneration","狂暴回复","Неистовое восстановление","Régénération frénétique","","Raptor Strike [2973*,14260*,14261*,14262*,14263*,14264*,14265*,14266*,27014] {1.5}","Raptorstoß","猛禽一击","Удар ящера","Attaque du raptor","","","","","","","","","","","","","","Frostbolt (rank 2+) (WC uptime%) [8407*,8406*,7322*,837*,205*,25304*,10181*,10180*,10179*,8408*,27071*,27072] {3}","Frostblitz (Rang 2+) (Winterkälte-Uptime%)","寒冰箭 (等级 2+) (深冬之寒 (覆盖率%)","Ледяная стрела (ранг 2+) (Зимняя стужа аптайм%)","Eclair de givre (rang 2+) (Froid hivernal uptime%)","","Flamestrike (rank 6) [10216] {3}","Flammenstoß (Rang 6)","烈焰风暴 (等级 6)","Огненный столб (ранг 6)","Choc de flammes (rang 6)","","Icy Veins [12472] --180-- ++20++","Eisige Adern","冰冷血脉","Стылая кровь","Veines glaciales","","Blessing of Might/Greater Blessing of Might [19740*,19834*,19835*,19836*,19837*,19838*,25782*,25916*,25291*,19838*,27140,27141] {1.5}","Segen der Macht/Großer Segen der Macht","力量祝福/强效力量祝福","(Великое) благословение могущества","Bénédiction de puissance/Bénédiction de puissance supérieure","","","","","","","","Divine Protection [5573] --300--","Göttlicher Schutz","圣佑术","Божественная защита","Protection divine","","Vampiric Touch (uptime%) [34914*,34916*,34917] {1.5}","Vampirberührung","吸血鬼之触 (覆盖率%)","Прикосновение вампира (аптайм%)","Toucher vampirique (uptime%)","","","","","","","","Power Infusion [10060] --180-- ++15++","Seele der Macht","能量灌注","Придание сил","Infusion de puissance","","Expose Armor (uptime%) [8647*,8649*,8650*,11197*,11198*,26866] {1}","Rüstung schwächen (Uptime%)","破甲 (覆盖率%)","Ослабление доспеха (аптайм%)","Exposer l'armure (uptime%)","","","","","","","","","","","","","","Fire Elemental Totem [2894] {1.5}","Totem des Feuerelementars","火元素图腾","Тотем элементаля огня","Totem d'élémentaire de feu","","","","","","","","Shamanistic Rage [30823] --120-- ++15++","Schamanistische Wut","萨满之怒","Ярость шамана","Rage du chaman","","Curse of Tongues [1714*,11719] {1.5}","Fluch der Sprachen","语言诅咒","Проклятие косноязычия","Malédiction des langages","","","","","","","","","","","","","","Devastate [20243*,30016*,30022] {1.5}","Verwüsten","毁灭打击","Разрушение","Dévaster","","","","","","","","Recklessness [1719] --1800-- ++15++","Tollkühnheit","鲁莽","Безрассудство","Témérité",""
"","excludeHeiganGauntletActivity [false]","","Thunderclap [26554,8732]","Donnerknall","雷霆一击","Удар грома","Coup de tonnerre","","Mind Exhaustion [44032]","Gedankenerschöpfung","心灵疲倦","Изнурение разума","Epuisement de l'esprit","","absorbs [355] {Damage absorbed}","absorbs DE {Absorbierter Schaden}","absorbs CN {伤害吸收}","absorbs RU {Поглощение}","absorbs FR {Dégats absorbés}","","Crushing Blow incoming (Melee hits)","Zerschmetternden Nahkampftreffer erhalten","碾压(敌方近战攻击)","Входящие крашинги (Автоатаки)","Coups écrasants reçus en mêlée","","Oculus of the Hidden Eye [33012] --120--","Oculus des versteckten Auges","隐秘邪眼","Кольцо Сокрытого Ока","Oculus de l'Oeil caché","","Iron Grenade [4068]","Eisengranate","铁皮手雷","Железная граната","Grenade en fer","","Nightmare Seed [28726] ++30++","Alptraumsaat","梦魇草","Зерно кошмарника","Graine de cauchemardelle","","Greater Fire Protection Potion [17543]","Großer Feuerschutztrank","强效防护火焰药水","Сильное зелье защиты от огня","Potion de protection contre le Feu supérieure","","Hibernate [2637,18657,18658] {1.5}","Winterschlaf","休眠","Спячка","Hibernation","","","","","","","","Nature's Swiftness [17116] --180--","Schnelligkeit der Natur","自然迅捷","Природная стремительность","Rapidité de la nature","","Scorpid Sting (uptime%) [3043] {1.5}","Skorpidstich","毒蝎钉刺","Жало скорпида (аптайм%)","Piqûre de scorpide","","","","","","","","","","","","","","Frostbolt (rank 1) [116] {1.5}","Frostblitz (Rang 1)","寒冰箭 (等级 1)","Ледяная стрела (ранг 1)","Eclair de givre (rang 1)","","","","","","","","Invisibility [66] --300--","Unsichtbarkeit","隐形术","Невидимость","Invisibilité","","Blessing of Sacrifice [6940*,20729*,27147*,27148] {1.5}","Segen der Opferung","牺牲祝福/强效牺牲祝福","Благословение жертвенности","Bénédiction de sacrifice","","","","","","","","Divine Shield [1020] --300--","Gottesschild","圣盾术","Божественный щит","Bouclier divin","","Holy Fire [14914*,15262*,15263*,15264*,15265*,15266*,15267*,15261*,25384] {3.5}","Heiliges Feuer","神圣之火","Священный огонь","Flammes sacrées","","","","","","","","Shadowfiend [34433] --300--","Schattengeist","暗影恶魔","Исчадие Тьмы","Ombrefiel","","Feint [1966*,6768*,8637*,11303*,25302*,27448] {1}","Finte","佯攻","Ложный выпад","Feinte","","","","","","","","","","","","","","Flametongue Totem [8227*,8249*,10526*,16387*,25557] {1.5}","Totem der Flammenzunge","火舌图腾","Тотем языка пламени","Totem Langue de feu","","","","","","","","","","","","","","Curse of Weakness [702*,1108*,6205*,7646*,11707*,11708*,27224*,30909] {1.5}","Fluch der Schwäche","虚弱诅咒","Проклятие слабости","Malédiction de faiblesse","","","","","","","","","","","","","","Disarm [676] {1.5}","Entwaffnen","缴械","Разоружение","Désarmement","","","","","","","","Shield Wall [871] --1800--","Schildwall","盾墙","Глухая оборона","Mur protecteur",""
"","showWCLActivePercentage [true]","","Shadow Storm [26546,26555]","Schattensturm","暗影风暴","Буря Тени","Tempête d'ombre","","Nether Vapor [35859]","Netherdampf","虚空雾气","Пары Пустоты","Vapeur du Néant","","engineering [392] {Engineering etc. (⌀ = avg. hits per use)}","engineering DE {Ingenieurskunst etc. (⌀ = durchschn. Treffer pro Verwendung)}","engineering CN {工程学 如 (⌀ = 每次使用平均击中数量)}","engineering RU {Инженерские расходники (⌀ = среднее количество попаданий/использование )}","engineering FR {Ingénierie (⌀ = coups moy. par utilisation)}","","Blocked incoming (Melee hits)","Nahkampftreffer geblockt","格挡(敌方近战攻击)","Входящие блоки (Автоатаки)","Coups reçus bloqués","","Pendant of the Violet Eye [29601] {true} --120-- ++20++","Anhänger des Violetten Augees","紫罗兰之眼坠饰","Подвеска Аметистового Ока","Pendentif de l'Oeil pourpre","","Thorium Grenade [19769]","Thoriumgranate","瑟银手榴弹","Ториевая граната","Grenade en thorium","","Destruction Potion [28508] ++15++","Zerstörungstrank","毁灭药水","Зелье разрушения","Potion de destruction","","Fire Protection Potion [7233]","Feuerschutztrank","防护火焰药水","Зелье защиты от огня","Potion de protection contre le Feu","","Abolish Poison [2893] {1.5}","Vergiftung aufheben","驱毒术","Выведение яда","Abolir le poison","","","","","","","","Rebirth [20484*,20739*,20742*,20747*,20748*,26994] --1800--","Wiedergeburt","复生","Возрождение","Renaissance","","Serpent Sting [1978*,13549*,13550*,13551*,13552*,13553*,13554*,13555*,25295*,27016] {1.5}","Schlangenbiss","毒蛇钉刺","Укус змеи","Morsure de serpent","","","","","","","","","","","","","","Ice Barrier [33405,27134*,13033*,13032*,13031*,11426*] {1.5}","Eisbarriere","寒冰护体","Ледяная преграда","Barrière de glace","","","","","","","","Presence of Mind [12043] --180--","Geistesgegenwart","气定神闲","Присутствие разума","Présence spirituelle","","Blessing of Salvation/Greater Blessing of Salvation [25895,1038] {1.5}","Segen der Rettung/Großer Segen der Rettung","拯救祝福/强效拯救祝福","(Великое) благословение спасения","Bénédiction de salut/Bénédiction de salut supérieure","","","","","","","","Lay on Hands [27154] --3600--","Handauflegung","圣疗术","Возложение рук","Imposition des mains","","Smite [25364,25363*,10934*,10933*,6060*,1004*,984*,598*,591*,585*] {2.5}","Göttliche Pein","惩击","Кара","Châtiment","","","","","","","","","","","","","","Garrote [703*,8631*,8632*,8633*,11289*,11290*,26839*,26884] {1}","Erdrosseln","锁喉","Гаррота","Garrot","","","","","","","","","","","","","","Searing Totem [3599*,6363*,6364*,6365*,10437*,10438*,25533] {1.5}","Totem der Verbrennung","灼热图腾","Опаляющий тотем","Totem incendiaire","","","","","","","","","","","","","","Dark Pact [18220*,18937*,18938*,27265] {1.5}","Dunkler Pakt","黑暗契约","Темный союз","Pacte noir","","","","","","","","","","","","","","Execute [5308*,20658*,20660*,20661*,20647,25234*,25236] {1.5}","Hinrichten","斩杀","Казнь","Exécution","","","","","","","","","","","","",""
"","showAverageOfHitsPerAoeCast [true]","","Dark Glare [41936,41937,26029]","Dunkles Starren","黑暗闪耀","Свирепый взгляд","Sombre regard","","Consuming Madness [37749]","Verzehrender Wahnsinn","噬体疯狂","Всепоглощающее безумие","Folie dévorante","","interrupts [417] {Interrupted spells}","interrupts DE {Unterbrochene Zauber}","interrupts CN {被打断的技能}","interrupts RU {Прерывания}","interrupts FR {Sorts interrompus}","","Dodge incoming (Melee hits)","Nahkampftreffer ausgewichen","闪避(敌方近战攻击)","Входящие уклонения (Автоатаки)","Coups reçus évités (dodge)","","Ribbon of Sacrifice [38332] {true} --120-- ++10++","Schleife der Opferung","牺牲绶带","Лента жертвоприношения","Ruban de sacrifice","","Super Sapper Charge [30486]","Super Pioniersprengladung","超级神风炸药","Превосходная мина","Super-charge de sapeur","","Haste Potion [28507] ++15++","Hasttrank","加速药水","Зелье ускорения","Potion de hâte","","Fire Ward NOT MAX RANK (rank 1-5) [543,8457,8458,10223,10225]","Feuerzauberschutz NICHT MAXIMALER RANG (Rang 1-5)","防护火焰结界 (等级 1-5)","Защита от огня не максимальный ранг (ранг 1-5)","Gardien de feu RANG NON MAX (rang 1-5)","","Cure Poison [8946] {1.5}","Vergiftung heilen","消毒术","Выведение яда","Guérison du poison","","","","","","","","Tranquility [9863*,26983] --300--","Gelassenheit","宁静","Спокойствие","Tranquillité","","Silencing Shot [34490] {1.5}","Unterdrückender Schuss","沉默射击","Глушащий выстрел","Flèche-bâillon","","","","","","","","","","","","","","Ice Block [45438] {1.5}","Eisblock","寒冰屏障","Ледяная глыба","Bloc de glace","","","","","","","","Summon Water Elemental [31687] --180-- ++45++","Wasserelementar beschwören","召唤水元素","Призыв элементаля воды","Invocation d'un élémentaire d'eau","","Blessing of Sanctuary/Greater Blessing of Sanctuary [20911*,20912*,20913*,25899*,20914*,27168,27169] {1.5}","Segen des Refugiums/Großer Segen des Refugiums","庇护祝福/强效庇护祝福","(Великое) благословение неприкосновенности","Bénédiction du sanctuaire/Bénédiction du sanctuaire supérieure","","","","","","","","","","","","","","Starshards (nightelf only) [19305*,25446] {3.5}","Sternensplitter (nur Nachtelfen)","星辰碎片 (仅限夜精灵)","Звездные осколки (только ночные эльфы)","Eclats stellaires (elfe de la nuit uniquement)","","","","","","","","","","","","","","Gouge [1776*,1777*,8629*,11285*,11286*,38764] {1}","Solarplexus","凿击","Парализующий удар","Suriner","","","","","","","","","","","","","","Cure Disease [2870] {1.5}","Krankheit heilen","祛病术","Излечение болезни","Guérison des maladies","","","","","","","","","","","","","","Death Coil [6789*,17925*,17926*,27223] {1.5}","Todesmantel","死亡缠绕","Лик смерти","Voile mortel","","","","","","","","","","","","","","Hamstring (Flurry uptime total%) [1715*,7372*,7373*,25212] {1.5}","Kniesehne (Schlaghagel-Uptime total%)","断筋 (乱舞 总覆盖率%)","Подрезать сухожилия (Шквал Общая аптайм%)","Brise-genou (Rafale uptime total%)","","","","","","","","","","","","",""
"","totalAndInformationRowsDefaultTemplate [true]","","Falling [3]","Fallschaden","坠落","Слово общего возвращения","Dégâts de chute","","Seed of Corruption [27243]","Seet der Verderbnis","腐蚀之种","Семя порчи","Graine de Corruption","","","","","","","","Immune incoming (Melee hits)","Nahkampftreffer vermieden (immun)","免疫(敌方近战攻击)","Входящие иммуны (Автоатаки)","Coups reçus en étant immune","","Tome of Diabolic Remedy [43710] {true} --120-- ++20++","Foliant der diabolischen Heilung","魔鬼治疗宝典","Фолиант Дьявольского лекарства","Tome de remède diabolique","","Goblin Sapper Charge [13241]","Goblinpioniersprengladung","地精工兵炸药","Гоблинская мина","Charge de sapeur gobelin","","Heroic Potion [28506] ++15++","Heldentrank","英雄药水","Зелье героизма","Potion héroïque","","Fire Ward (rank 6) [27128]","Feuerzauberschutz (Rang 6)","防护火焰结界 (等级 6)","Защита от огня (ранг 6)","Gardien de feu (rang 6)","","Remove Curse [2782] {1.5}","Fluch aufheben","解除诅咒","Снятие проклятия","Délivrance de la malédiction","","","","","","","","","","","","","","Steady Shot [34120] {1.5}","Zuverlässiger Schuss","稳固射击","Верный выстрел","Tir assuré","","","","","","","","","","","","","","Ice Lance [30455] {1.5}","Eislanze","冰枪术","Ледяное копье","Javelot de glace","","","","","","","","","","","","","","Blessing of Wisdom/Greater Blessing of Wisdom [19742*,19850*,19852*,19853*,19854*,25290*,25894*,25918*,27142,27143] {1.5}","Segen der Weisheit/Großer Segen der Weisheit","智慧祝福/强效智慧祝福","(Великое) Благословение мудрости","Bénédiction de sagesse/Bénédiction de sagesse supérieure","","","","","","","","","","","","","","Shoot (wand) [5019] {1.5}","Schießen (Zauberstab)","射击 (魔法棒)","Выстрел (Волшебная палочка)","Tir (baguette)","","","","","","","","","","","","","","Hemorrhage [16511*,17347*,17348*,26864] {1}","Blutsturz","出血","Кровоизлияние","Hémorragie","","","","","","","","","","","","","","Cure Poison [526] {1.5}","Vergiftung heilen","消毒术","Выведение яда","Guérison du poison","","","","","","","","","","","","","","Drain Life [689*,699*,709*,7651*,11699*,11700*,27219*,27220] {2.5}","Blutsauger","吸取生命","Похищение жизни","Drain de vie","","","","","","","","","","","","","","Heroic Strike - excluded from activity [78*,284*,285*,1608*,11564*,11565*,11566*,11567*,25286*,29707] {0}","Heldenhafter Stoß - ausgenommen von der Aktivität","英勇打击 - 被排除在动作之外","Удар героя (исключены из метрики)","Frappe héroïque - exclue de l'activité","","","","","","","","","","","","",""
"","showDamageDoneWithEngineering [true]","","Void Zone [28863,28865]","Zone der Leere","虚空领域","Портал Бездны","Zone de Vide","","Inferno Effect [31302]","Inferno","地狱烈焰效果","Эффект ""Инфернала""","Effet inferno","","","","","","","","Miss incoming (Melee hits)","Nahkampftreffer vermieden (verfehlt)","未命中(敌方近战攻击)","Входящие промахи (Автоатаки)","Coups reçus manqués (miss)","","Vial of the Sunwell [45064] --120--","Phiole des Sonnenbrunnens","太阳之井的水瓶","Флакон воды из Солнечного Колодца","Fiole du Puits de soleil","","Stratholme Holy Water [17291]","Weihwasser von Stratholme","斯坦索姆圣水","Святая вода Стратхольма","Eau sacrée de Stratholme","","Insane Strength Potion [28494] ++15++","Trank der Wahnsinnsstärke","疯狂力量药水","Зелье безумной силы","Potion de Force démente","","Frozen Rune [29432]","Feuerschutz","防护火焰","Морозная руна","Rune de givre","","Gift of the Wild/Mark of the Wild [1126*,5232*,6756*,5234*,8907*,9884*,21849*,21850*,9885*,26991,26990] {1.5}","Gabe der Wildnis/Mal der Wildnis","野性印记/野性赐福","Дар дикой природы/Знак дикой природы","Don du fauve/Marque du fauve","","","","","","","","","","","","","","Tranquilizing Shot [19801] {1.5}","Einlullender Schuss","宁神射击","Усмиряющий выстрел","Tir tranquillisant","","","","","","","","","","","","","","Mana Shield [1463*,8494*,8495*,10191*,10192*,10193*,27131] {1.5}","Manaschild","法力护盾","Щит маны","Bouclier de mana","","","","","","","","","","","","","","Concentration Aura [19746] {1.5}","Aura der Konzentration","专注光环","Аура сосредоточенности","Aura de concentration","","","","","","","","","","","","","","Melee - excluded from activity! [1] {0}","Nahkampfangriff - ausgenommen von der Aktivität","近战 - 被排除在动作之外","автоатаки (исключены из метрики)","Mêlée - exclus de l'activité","","","","","","","","","","","","","","Kick [1766*,1767*,1768*,1769*,38768] {1}","Tritt","脚踢","Пинок","Coup de pied","","","","","","","","","","","","","","Disease Cleansing Totem [8170] {1.5}","Totem der Krankheitsreinigung","祛病图腾","Тотем очищения от болезней","Totem de Purification des maladies","","","","","","","","","","","","","","Drain Mana [5138*,6226*,11703*,11704*,27221*,30908] {2.5}","Mana entziehen","吸取法力","Похищение маны","Drain de mana","","","","","","","","","","","","","","Intercept [20252*,20616*,20617*,25272*,25275] {0.5}","Abfangen","拦截","Перехват","Interception","","","","","","","","","","","","",""
"","","","Poison Cloud [28240,28241]","Giftwolke","毒云术","Ядовитое облако","Nuage empoisonné","","Unquenchable Flames [31341]","Unauslöschbare Flammen","不熄之焰","Неугасимое Пламя","Flammes inextinguibles","","","","","","","","Parry incoming (Melee hits)","Nahkampftreffer pariert","偏斜(敌方近战攻击)","Входящие парри (Автоатаки)","Coups reçus parés (parry)","","Warp-Scarab Brooch [33400] {true} --120-- ++20++","Sphärenskarabäusbrosche        ","星界甲虫","Покореженная скарабеем брошь","Broche du scarabée dimensionnel","","Gnomish Flame Turret [30526]","Flammengeschütz","喷火炮台","Огненная турель гномов","Tourelle à feu gnome","","Greater Stoneshield Potion [17540] ++120++","Großer Steinschildtrank","强效石盾药水","Сильное зелье каменного щита","Potion de bouclier de pierre supérieure","","Frost Absorption [30994]","Frostabsorption","冰霜吸收","Поглощение льда","Absorption du Givre","","Healing Touch (rank 13) (overheal%) [26979] {2.5}","Heilende Berührung (Rang 13) (Overheal%)","治疗之触 (等级 13) (过量治疗%)","Целительное прикосновение (ранг 13) (оверхил%)","Toucher guérisseur (rang 13) (overheal%)","","","","","","","","","","","","","","Viper Sting [3034*,14279*,14280*,27018] {1.5}","Vipernbiss","蝰蛇钉刺","Жало гадюки","Morsure de vipère","","","","","","","","","","","","","","Pyroblast [12505*,12522*,12522*,12523*,18809*,27132*,33938] {6}","Pyroschlag","炎爆术","Огненная глыба","Explosion pyrotechnique","","","","","","","","","","","","","","Crusader Aura [32223] {1.5}","Aura des Kreuzfahrers","十字军光环","Аура рыцаря","Aura de croisé","","","","","","","","","","","","","","Abolish Disease [552] {1.5}","Krankheit aufheben","驱除疾病","Снятие болезни","Abolir maladie","","","","","","","","","","","","","","Kidney Shot [408*,8643] {1}","Nierenhieb","肾击","Удар по почкам","Aiguillon perfide","","","","","","","","","","","","","","Poison Cleansing Totem [38306] {1.5}","Totem der Giftreinigung","清毒图腾","Тотем противоядия","Totem de Purification du poison","","","","","","","","","","","","","","Drain Soul [1120,8288*,8289*,11675*,27217] {1.5}","Seelendieb","吸取灵魂","Похищение души","Drain d'âme","","","","","","","","","","","","","","Intimidating Shout [5246] {1.5}","Drohruf","破胆怒吼","Устрашающий крик","Cri d'intimidation","","","","","","","","","","","","",""
"","","","Frost Breath [3129,28524]","Frostatem","冰息术","Дыхание льда","Souffle de givre","","Deaden [41410]","Abstumpfen","衰减","Нечувствительность","Emousser","","","","","","","","# of extra Windfury Attacks","# der zusätzlichen Schläge durch Windzorn","额外风怒攻击次数","Количество атак ВФ","# d'attaques supplémentaires (Furie-des-Vents)","","Blessed Prayer Beads [24354] {true} --120-- ++20++","Gesegnete Gebetsperlen        ","祝福珠串","Благословенные четки","Chapelet béni","","Goblin Land Mine [4100]","Goblinlandmine","地精暗雷","Гоблинская противопехотная мина","Mine gobeline","","Ironshield Potion [28515] ++120++","Eisenschildtrank","铁盾药水","Зелье железного щита","Potion de bouclier de fer","","Major Frost Protection Potion [28512]","Erheblicher Frostschutztrank","特效防护冰霜药水","Большое зелье защиты от магии льда","Potion de protection contre le Givre majeure","","Healing Touch (rank 7-12) (overheal%) [8903,9758,9888,9889,25297,26978] {2.5}","Heilende Berührung (Rang 7-12) (Overheal%)","治疗之触 (等级 7-12) (过量治疗%)","Целительное прикосновение (ранг 7-12) (оверхил%)","Toucher guérisseur (rang 7-12) (overheal%)","","","","","","","","","","","","","","Wing Clip [2974*,14267*,14268] {1.5}","Zurechtstutzen","摔绊","Подрезать крылья","Coupure d'ailes","","","","","","","","","","","","","","Polymorph [118,12824,12825,12826,28271,28272] {1.5}","Verwandlung","变形术","Превращение","Métamorphose","","","","","","","","","","","","","","Devotion Aura [465*,10290*,643*,10291*,1032*,10292*,10293*,27149] {1.5}","Aura der Hingabe","虔诚光环","Аура благочестия","Aura de dévotion","","","","","","","","","","","","","","Cure Disease [528] {1.5}","Krankheit heilen","祛病术","Излечение болезни","Guérison des maladies","","","","","","","","","","","","","","Mutilate [34411*,34412*,34413] {1}","Verstümmeln","毁伤","Расправа","Estropier","","","","","","","","","","","","","","Fire Resistance Totem [8184*,10537*,10538*,25563] {1.5}","Totem des Feuerwiderstands","抗火图腾","Тотем сопротивления огню","Totem de résistance au Feu","","","","","","","","","","","","","","Fear [5782*,6213*,6215] {1.5}","Furcht","恐惧","Страх","Peur","","","","","","","","","","","","","","Intervene [3411] {0.5}","Einschreiten","援护","Вмешательство","Intervention","","","","","","","","","","","","",""
"","","","Eruption [29371]","Ausbruch","爆发","Извержение","Eruption","","Shear (ignore if feral) [41032]","Abscheren (ignorieren falls Druidtank)","剪切 (如果是德鲁伊坦克，请忽略)","Иссечение (игнорировать, если танк друид)","Tonte","","","","","","","","# of Battle Squawk buffs on bosses","# der Schlachtkräher-Buffs am Boss","boss战中作战鸣叫buff数量","Количество куриц на боссах","# de Caquètement de guerre sur boss","","Enamored Water Spirit [24854] --180--","Entzückter Wassergeist        ","被迷惑的水之魂","Влюбленный водный дух","Esprit de l'eau amoureux","","Target Dummy [4072,19805,27661]","Hochentwickelte Zielattrappe","目标假人","Манекен-мишень","Leurre","","Limited Invulnerability Potion [3169] ++6++","Unverwundbarkeitstrank","无敌药水","Слабое зелье неуязвимости","Potion d'invulnérabilité limitée","","Greater Frost Protection Potion [17544]","Großer Frostschutztrank","强效防护冰霜药水","Сильное зелье защиты от магии льда","Potion de protection contre le Givre supérieure","","Healing Touch (rank 1-6) (overheal%) [5185,5186,5187,5188, 5189,6778] {2.5}","Heilende Berührung (Rang 1-6) (Overheal%)","治疗之触 (等级 1-6) (过量治疗%)","Целительное прикосновение (ранг 1-6) (оверхил%)","Toucher guérisseur (rang 1-6) (overheal%)","","","","","","","","","","","","","","Wyvern Sting [19386*,24132*,24133*,27068] {1.5}","Stich des Flügeldrachen","翼龙钉刺","Жало виверны","Piqûre de wyverne","","","","","","","","","","","","","","Remove Lesser Curse [475] {1.5}","Geringen Fluch aufheben","解除次级诅咒","Снятие малого проклятия","Délivrance de la malédiction inférieure","","","","","","","","","","","","","","Retribution Aura [7294*,10298*,10299*,10300*,10301*,27150] {1.5}","Aura der Vergeltung","惩罚光环","Аура воздаяния","Aura de vindicte","","","","","","","","","","","","","","Dispel Magic [527,988] {1.5}","Magiebannung","驱散魔法","Рассеивание заклинаний","Dissipation de la magie","","","","","","","","","","","","","","Rupture [1943*,8639*,8640*,11275*,26867] {1}","Blutung","割裂","Рваная рана","Rupture","","","","","","","","","","","","","","Frost Resistance Totem [8181*,10478*,10479*,25560] {1.5}","Totem des Frostwiderstands","抗寒图腾","Тотем сопротивления льду","Totem de résistance au Givre","","","","","","","","","","","","","","Health Funnel [755*,3698*,3699*,3700*,11693*,11694*,11695*,27259] {3}","Lebenslinie","生命通道","Канал здоровья","Captation de vie","","","","","","","","","","","","","","Mocking Blow [694*,7400*,7402*,20559*,20560*,25266] {1.5}","Spöttischer Schlag","惩戒痛击","Дразнящий удар","Coup railleur","","","","","","","","","","","","",""
"","","","Brood Power Bronze [22311]","Brutkraft: Bronze","雏龙之语：青铜","Сила Племени: бронзовый","Pouvoir d'espèce : Bronze","","Fog of Corruption [45717]","Nebel der Verderbnis","腐蚀之雾","Туман Порчи","Brume de corruption","","","","","","","","","","","","","","Eye of the Dead [28780] {true} --120-- ++15++","Auge des Todes","亡者之眼","Глаз Мертвого","Oeil du mort","","Thornling Seed [22792]","Dornlingsamen","种植林精种子","Семя колючечника","Graine d'épineux","","Living/Free Action Potion [6615,24364] ++30++","(lebhafte) freie Aktion","(活力)自由行动","Зелье неудержимости/свободы действий","Libre action/Libre action ravivée","","Frost Protection Potion [7239]","Frostschutztrank","防护冰霜药水","Зелье защиты от магии льда","Potion de protection contre le Givre","","Lifebloom [33763] {1.5}","Blühendes Leben","生命绽放","Жизнецвет","Fleur de vie","","","","","","","","","","","","","","Aspect of the Beast [13161] {1.5}","Aspekt des Wildtiers","野兽守护","Дух зверя","Aspect de la bête","","","","","","","","","","","","","","Scorch (Fire Vuln uptime%) [2948,8444*,8445*,8446*,10205*,10206*,10207*,27073*,27074] {1.5}","Versengen (Feuerverwundbarkeitsuptime%)","灼烧 (火焰易伤 覆盖率%)","Ожог (Уязвимость к огню аптайм%)","Brûlure (Vulnérabilité au Feu uptime%)","","","","","","","","","","","","","","Fire Resistance Aura [19891*,19899*,19900*,27153] {1.5}","Aura des Feuerwiderstands","火焰抗性光环","Аура сопротивления огню","Aura de résistance au Feu","","","","","","","","","","","","","","Mass Dispel [32375] {1.5}","Massenbannung","群体驱散","Массовое рассеивание","Dissipation de masse","","","","","","","","","","","","","","Shadowstep [36554] {0.5}","Schattenschritt","暗影步","Шаг сквозь тень","Pas de l'ombre","","","","","","","","","","","","","","Nature Resistance Totem [10595*,10600*,10601*,25574] {1.5}","Totem des Naturwiderstands","自然抗性图腾","Тотем сопротивления силам природы","Totem de résistance à la Nature","","","","","","","","","","","","","","Immolate [348*,707*,1094*,2941*,11665*,11667*,11668*,25309*,27215] {1.5}","Feuerbrand","献祭","Жертвенный огонь","Immolation","","","","","","","","","","","","","","Mortal Strike [12294*,21551*,21552*,21553*,25248*,30330] {1.5}","Tödlicher Stoß","致死打击","Смертельный удар","Frappe mortelle","","","","","","","","","","","","",""
"","","","Void Blast [27812]","Explosion der Leere","虚空爆裂","Взрыв Бездны","Trait de Vide","","","","","","","","","","","","","","","","","","","","Hazza'rah's Charm of Healing [24546] {true} --180-- ++15++","Hazza'rahs Amulett der Heilung","哈扎拉尔的治疗护符","Амулет исцеления Хазза'раха","Charme de soin d'Hazza'rah","","Crystal Charge [15239]","Kristallsprengladung","爆炸水晶","Обжигающий кристалл","Cristal d'explosion","","Purification Potion [17550]","Läuterungstrank","净化药水","Зелье очищения","Potion de purification","","Frost Ward NOT MAX RANK (rank 1-5) [6143,8461,8462,10177,28609]","Frostzauberschutz NICHT MAXIMALER RANG (Rang 1-5)","防护冰霜结界 不是最大等级 (等级 1-5)","Защита от магии льда не максимальный ранг (ранг 1-5)","Gardien de givre RANG NON MAX (rang 1-5)","","Regrowth (rank 10) (overheal%) [26980] {2}","Nachwachsen (Rang 10) (Overheal%)","愈合 (等级 10) (过量治疗%)","Восстановление (ранг 10) (оверхил%)","Rétablissement (rang 10) (overheal%)","","","","","","","","","","","","","","Aspect of the Cheetah [5118] {1.5}","Aspekt des Geparden","猎豹守护","Дух гепарда","Aspect du guépard","","","","","","","","","","","","","","Scorch% on targets <5 stacks [99998] {0}","Versengen% auf Zielen mit <5 Stacks","对 <5 层的目标造成灼烧%","Ожог% по целям с <5 стеками","Brûlure sur des cibles avec <5 stacks","","","","","","","","","","","","","","Frost Resistance Aura [19888*,19897*,19898*,27152] {1.5}","Aura des Frostwiderstands","冰霜抗性光环","Аура сопротивления магии льда","Aura de résistance au Givre","","","","","","","","","","","","","","Divine Spirit/Prayer of Spirit [14752*,14818*,14819*,27841*,27681*,25312,32999] {1.5}","Göttlicher Wille/Gebet der Willenskraft","神圣之灵/精神祷言","Божественный дух/Молитва духа","Esprit divin","","","","","","","","","","","","","","Shiv [5940] {1}","Tückische Klinge","毒刃","Отравляющий укол","Kriss","","","","","","","","","","","","","","Grace of Air Totem [8835*,10627*,25359] {1.5}","Totem der luftgleichen Anmut","风之优雅图腾","Тотем легкости воздуха","Totem de Grâce aérienne","","","","","","","","","","","","","","Incinerate [29722*,32231] {2.5}","Verbrennen","烧尽","Испепеление","Incinérer","","","","","","","","","","","","","","Overpower [7384*,7887*,11584*,11585] {1.5}","Überwältigen","压制","Превосходство","Fulgurance","","","","","","","","","","","","",""
"","","","Tail Sweep [15847,25653]","Schwanzfeger","扫尾","Взмах хвоста","Coup de queue","","","","","","","","","","","","","","","","","","","","Hibernation Crystal [24998] {true} --90-- ++15++","Hibernationskristall","休眠水晶","Кристалл Спячки","Cristal d'hibernation","","Ez-Thro Dynamite II [23000]","EZ-Thro-Dynamit II","简易投掷炸弹 II","Динамит ""Pro-100-брос II""","Dynamite Ev-Lan II","","Sneaking Potion [28492] ++60++","Schleichtrank","潜行药水","Зелье лазутчика","Potion furtive","","Frost Ward (rank 6) [32796]","Frostzauberschutz (Rang 6)","防护冰霜结界 (等级 6)","Защита от магии льда (ранг 6)","Gardien de givre (rang 6)","","Regrowth (rank 5-9) (overheal%) [8941,9750,9856,9857,9858] {2}","Nachwachsen (Rang 5-9) (Overheal%)","愈合 (等级 5-9) (过量治疗%)","Восстановление (ранг 5-9) (оверхил%)","Rétablissement (rang 5-9) (overheal%)","","","","","","","","","","","","","","Aspect of the Hawk [13165*,14318*,14319*,14320*,14321*,14322*,25296*,27044] {1.5}","Aspekt des Falken","雄鹰守护","Дух ястреба","Aspect du faucon","","","","","","","","","","","","","","Shoot (wand) [5019] {1.5}","Schießen (Zauberstab)","射击 (魔法棒)","Выстрел (Волшебная палочка)","Tir (baguette)","","","","","","","","","","","","","","Shadow Resistance Aura [19876*,19895*,19896*,27151] {1.5}","Aura des Schattenwiderstands","暗影抗性光环","Аура сопротивления темной магии","Aura de résistance à l'Ombre","","","","","","","","","","","","","","Power Word: Fortitude/Prayer of Fortitude [1243*,1244*,1245*,2791*,10937*,10938*,21562*,21564*,19838*,25389,25392] {1.5}","Machtwort: Seelenstärke/Gebet der Seelenstärke","真言术：韧/坚韧祷言","Слово силы: Стойкость/Молитва стойкости","Prière de robustesse/Mot de pouvoir : Robustesse","","","","","","","","","","","","","","Sinister Strike [1752*,1757*,1758*,1759*,11293*,11294*,26861*,26862] {1}","Finsterer Stoß","影袭","Коварный удар","Attaque pernicieuse","","","","","","","","","","","","","","Grounding Totem [8177] {1.5}","Totem der Erdung","根基图腾","Тотем заземления","Totem de Glèbe","","","","","","","","","","","","","","Life Tap [1454,1455,1456,11687,11688,11689,27222] {1.5}","Aderlass","生命分流","Жизнеотвод","Connexion","","","","","","","","","","","","","","Pummel [6552*,6554] {1.5}","Zuschlagen","拳击","Зуботычина","Volée de coups","","","","","","","","","","","","",""
"","","","Positive Charge [28062]","Positive Aufladung","正能量电荷","Положительный заряд","Charge positive","","","","","","","","","","","","","","","","","","","","Mar'li's Eye [24268] --180--","Mar'lis Auge","玛尔里之眼","Глаз Мар'ли","Oeil de Mar'li","","Oil of Immolation [11350]","Öl des Feuerbrandes","献祭之油","Воспламеняющая смесь","Huile d'immolation","","Shrouding Potion [28548]","Verschleierungstrank","遮罩药水","Зелье покровов","Potion de voilage","","Ice Barrier [33405]","Eisbarriere","寒冰护体","Ледяная преграда","Barrière de glace","","Regrowth (rank 1-4) (overheal%) [8936,8938,8939,8940] {2}","Nachwachsen (Rang 1-4) (Overheal%)","愈合 (等级 1-4) (过量治疗%)","Восстановление (ранг 1-4) (оверхил%)","Rétablissement (rang 1-4) (overheal%)","","","","","","","","","","","","","","Aspect of the Monkey [13163] {1.5}","Aspekt des Affen","灵猴守护","Дух обезьяны","Aspect du singe","","","","","","","","","","","","","","Slow [31589] {1.5}","Verlangsamen","减速","Замедление","Lenteur","","","","","","","","","","","","","","Avenger's Shield [31935*,32699*,32700] {1}","Schild des Rächers","复仇者之盾","Щит мстителя","Bouclier du vengeur","","","","","","","","","","","","","","Shadow Protection/Prayer of Shadow Protection [976*,27683*,10957*,10958*,39374,25433] {1.5}","Schattenschutz/Gebet des Schattenschutzes","防护暗影/暗影防护祷言","(Молитва) защиты от темной магии","Prière de protection contre l'Ombre/Protection contre l'Ombre","","","","","","","","","","","","","","Slice and Dice (uptime total%) [5171*,6774] {1}","Zerhäckseln (Uptime total%)","切割 (总覆盖率%)","Мясорубка (Общая аптайм%)","Débiter (uptime total%)","","","","","","","","","","","","","","Stoneclaw Totem [5730*,6390*,6391*,6392*,10427*,10428*,25525] {1.5}","Totem der Steinklaue","石爪图腾","Тотем каменного когтя","Totem de Griffes de pierre","","","","","","","","","","","","","","Searing Pain [5676*,17919*,17920*,17921*,17922*,17923*,27210*,30459] {1.5}","Sengender Schmerz","灼热之痛","Жгучая боль","Douleur brûlante","","","","","","","","","","","","","","Rampage [29801*,30030*,30033] {1.5}","Toben","暴怒","Буйство","Saccager","","","","","","","","","","","","",""
"","","","Negative Charge [28085]","Negative Aufladung","负能量电荷","Отрицательный заряд","Charge négative","","","","","","","","","","","","","","","","","","","","Natural Alignment Crystal [23734] {true} --300-- ++20++","Kristall der Naturverbundenheit","自然之盟水晶","Кристалл Природного Управления","Cristal d'alignement sur la nature","","","","","","","","Restorative Potion [11359] ++30++","Wiederherstellung","恢复药水","Приводящее в сознание зелье","Potion de restauration","","Ice Deflector [4077]","Eisdeflektor","寒冰偏斜器","Ледяной отражатель","Pare-glace","","Rejuvenation (rank 13) (overheal%) [26982] {1.5}","Verjüngung (Rang 13) (Overheal%)","回春术 (等级 13) (过量治疗%)","Омоложение (ранг 13) (оверхил%)","Récupération (rang 13) (overheal%)","","","","","","","","","","","","","","Aspect of the Pack [13159] {1.5}","Aspekt des Rudels","豹群守护","Дух стаи","Aspect de la meute","","","","","","","","","","","","","","Spellsteal [30449] {1.5}","Zauberraub","法术偷取","Чарокрад","Vol de sort","","","","","","","","","","","","","","Crusader Strike [35395] {1.5}","Kreuzfahrerstoß","十字军打击","Удар воина Света","Frappe du croisé","","","","","","","","","","","","","","Inner Fire [588*,7128*,602*,1006*,10951*,10952*,25431] {1.5}","Inneres Feuer","心灵之火","Внутренний огонь","Feu intérieur","","","","","","","","","","","","","","Melee - excluded from activity [1] {0}","Nahkampfangriff - ausgenommen von der Aktivität","近战 - 被排除在动作之外","автоатаки (исключены из метрики)","Mêlée - exclus de l'activité","","","","","","","","","","","","","","Totem of Wrath [30706] {1.5}","Totem des Ingrimms","天怒图腾","Тотем гнева","Totem de courroux","","","","","","","","","","","","","","Shadow Bolt [686*,695*,705*,1088*,1106*,7641*,11659*,11660*,11661*,25307*,27209] {2.5}","Schattenblitz","暗影箭","Стрела Тьмы","Trait de l'ombre","","","","","","","","","","","","","","Rend [772*,6546*,6547*,6548*,11572*,11573*,11574*,25208] {1.5}","Verwunden","撕裂","Кровопускание","Pourfendre","","","","","","","","","","","","",""
"","","","Disrupting Shout [29107]","Unterbrechungsruf","瓦解怒吼","Разрушительный крик","Cri perturbant","","","","","","","","","","","","","","","","","","","","Oshu'gun Relic [32367] {true} --120-- ++20++","Relikt von Oshu'gun","沃舒古圣物","Реликвия Ошу'гуна","Relique d'Oshu'gun","","","","","","","","Great Rage Potion [6613]","Großer Wuttrank","暴怒药水","Сильнодействующее зелье ярости","Potion de grande rage","","Major Holy Protection Potion [28538]","Erheblicher Heiligschutztrank","特效防护神圣药水","Большое зелье защиты от светлой магии","Potion de protection contre le Sacré majeure","","Rejuvenation (rank 7-12) (overheal%) [8910,9839,9840,9841,25299,26981] {1.5}","Verjüngung (Rang 7-12) (Overheal%)","回春术 (等级 7-12) (过量治疗%)","Омоложение (ранг 7-12) (оверхил%)","Récupération (rang 7-12) (overheal%)","","","","","","","","","","","","","","Aspect of the Viper [34074] {1.5}","Aspekt der Viper","蝰蛇守护","Дух гадюки","Aspect de la vipère","","","","","","","","","","","","","","Amplify Magic [1008*,8455*,10169*,10170*,27130*,33946] {1.5}","Magie verstärken","魔法增效","Усиление магии","Amplification de la magie","","","","","","","","","","","","","","Exorcism [879*,5614*,5615*,10312*,10313*,10314*,27138] {1.5}","Exorzismus","驱邪术","Экзорцизм","Exorcisme","","","","","","","","","","","","","","Chastise [44041*,44043*,44044*,44045*,44046*,44047] {0.5}","Züchtigung","责罚","Воздаяние","Châtier","","","","","","","","","","","","","","","","","","","","","","","","","","","","","","","","Tranquil Air Totem [25908] {1.5}","Totem der beruhigenden Winde","宁静之风图腾","Тотем безветрия","Totem de Tranquillité de l'air","","","","","","","","","","","","","","Shadowburn [17877*,18867*,18868*,18869*,18870*,18871*,27263*,30546] {1.5}","Schattenbrand","暗影灼烧","Ожог Тьмы","Brûlure de l'ombre","","","","","","","","","","","","","","Revenge [6572*,6574*,7379*,11600*,11601*,25288*,25269*,30357] {1.5}","Rache","复仇","Реванш","Vengeance","","","","","","","","","","","","",""
"","","","Chill [28547]","Kühlung","寒冷","Стужа","Transir","","","","","","","","","","","","","","","","","","","","Scarab Brooch [26467] {true} --180-- ++30++","Skarabäusbrosche","甲虫胸针","Брошь-скарабей","Broche scarabée","","","","","","","","Mighty Rage Potion [17528] ++20++","Mächtiger Wuttrank","强效怒气","Мощное зелье ярости","Potion de rage puissante","","Shadow Absorption [31000]","Schattenabsorption","暗影吸收","Темное поглощение","Absorption de l'Ombre","","Rejuvenation (rank 1-6) (overheal%) [774,1058,1430,2090,2091,3627] {1.5}","Verjüngung (Rang 1-6) (Overheal%)","回春术 (等级 1-6) (过量治疗%)","Омоложение (ранг 1-6) (оверхил%)","Récupération (rang 1-6) (overheal%)","","","","","","","","","","","","","","Aspect of the Wild [20043*,20190*,27045] {1.5}","Aspekt der Wildnis","野性守护","Дух дикой природы","Aspect de la nature","","","","","","","","","","","","","","Dampen Magic [604*,8450*,8451*,10173*,10174*,33944] {1.5}","Magie dämpfen","魔法抑制","Ослабление магии","Atténuation de la magie","","","","","","","","","","","","","","Hammer of Justice [853*,5588*,5589*,10308] {1.5}","Hammer der Gerechtigkeit","制裁之锤","Молот правосудия","Marteau de la justice","","","","","","","","","","","","","","Fade [586*,9578*,9579*,9592*,10941*,10942*,25429] {1.5}","Verblassen","渐隐术","Уход в тень","Oubli","","","","","","","","","","","","","","","","","","","","","","","","","","","","","","","","Windfury Totem (rank 5) [25587] {1.5}","Totem des Windzorns (Rang 5)","风怒图腾 (等级 5)","Тотем неистовства ветра (ранг 5)","Totem Furie-des-vents (rang 5)","","","","","","","","","","","","","","Shadowfury [30283*,30413*,30414] {0.5}","Schattenfurie","暗影之怒","Неистовство Тьмы","Furie de l'ombre","","","","","","","","","","","","","","Shield Bash [72*,1671*,1672*,29704] {1.5}","Schildhieb","盾击","Удар щитом","Coup de bouclier","","","","","","","","","","","","",""
"","","","Dark Blast [28457]","Dunkler Schlag","黑暗冲击","Темный взрыв","Trait noir","","","","","","","","","","","","","","","","","","","","Scroll of Blinding Light [23733] {true} --300-- ++20++","Rollen des Blendenden Lichts","盲目光芒卷轴","Свитки Слепящего Света","Parchemin de lumière aveuglante","","","","","","","","Super Healing Potion equivalents [28495,28551,32947,41619,41620]","Erstklassiger Heiltrank o.ä.","超级治疗药水或类似药水","Гигантский флакон с лечебным зельем и подобные","Potion de super-soins ou similaire","","Major Shadow Protection Potion [28537]","Erheblicher Schattenschutztrank","特效防护暗影药水","Большое зелье защиты от темной магии","Potion de protection contre l'Ombre majeure","","Swiftmend [18562] (overheal%) {1.5}","Rasche Heilung (Overheal%)","迅捷治愈 (过量治疗%)","Быстрое восстановление (оверхил%)","Prompte guérison (overheal%)","","","","","","","","","","","","","","Disengage [781*,14272*,14273*,27015] {1.5}","Rückzug","逃脱","Отрыв","Désengagement","","","","","","","","","","","","","","Melee - excluded from activity! [1] {0}","Nahkampfangriff - ausgenommen von der Aktivität","近战 - 被排除在动作之外","автоатаки (исключены из метрики)","Mêlée - exclus de l'activité","","","","","","","","","","","","","","Hammer of Wrath [24275*,24274*,24239*,27180] {1}","Hammer des Zorns","愤怒之锤","Молот гнева","Marteau de courroux","","","","","","","","","","","","","","Levitate [1706] {1.5}","Levitieren","漂浮术","Левитация","Lévitation","","","","","","","","","","","","","","","","","","","","","","","","","","","","","","","","Windfury Totem (rank 1-4) [8512,10613,10614,25585] {1.5}","Totem des Windzorns (Rang 1-4)","风怒图腾 (等级 1-4)","Тотем неистовства ветра (ранг 1-4)","Totem Furie-des-vents (rang 1-4)","","","","","","","","","","","","","","Siphon Life [18265*,18879*,18880*,18881*,27264*,30911] {4.5}","Lebensentzug","生命虹吸","Вытягивание жизни","Siphon de vie","","","","","","","","","","","","","","Shield Block [2565] {0.5}","Schildblock","盾牌格挡","Блок щитом","Maîtrise du blocage","","","","","","","","","","","","",""
"","","","Wail of Souls [28459]","Klage der Seelen","灵魂哀嚎","Завывание душ","Gémissement des âmes","","","","","","","","","","","","","","","","","","","","Second Wind [15604] --900--","Zweiter Wind","复苏之风","Второе дыхание","Second souffle","","","","","","","","all other Healing Potions [439,440,2024,4042,17534,33732]","andere Heiltränke","其他治疗药水","все остальные лечебные зелья","toutes les autres potions de soins","","Greater Shadow Protection Potion [17548]","Großer Schattenschutztrank","强效防护暗影药水","Сильное зелье защиты от темной магии","Potion de protection contre l'Ombre supérieure","","Melee - excluded from activity [1] {0}","Nahkampfangriff - ausgenommen von der Aktivität","近战 - 被排除在动作之外","автоатаки (исключены из метрики)","Mêlée - exclus de l'activité","","","","","","","","","","","","","","Dismiss Pet [2641] {1.5}","Tier freigeben","解散野兽","Прогнать питомца","Renvoyer le familier","","","","","","","","","","","","","","","","","","","","","","","","","","","","","","","","Holy Shock [20473*,20929*,20930*,27174*,33072] {1.5}","Heiliger Schock","神圣震击","Шок небес","Horion sacré","","","","","","","","","","","","","","Mind Control [605*,10911*,10912] {6}","Gedankenkontrolle","精神控制","Контроль над разумом","Contrôle mental","","","","","","","","","","","","","","","","","","","","","","","","","","","","","","","","Windwall Totem [15107*,15111*,15112*,25577] {1.5}","Totem der Windmauer","风墙图腾","Тотем стены ветра","Totem de Mur des vents","","","","","","","","","","","","","","Soul Fire [6353*,17924*,27211*,30545] {4}","Seelenfeuer","灵魂之火","Ожог души","Feu de l'âme","","","","","","","","","","","","","","Shield Slam [23925*,25258*,30356] {1.5}","Schildschlag","盾牌猛击","Сокрушение щитом","Heurt de bouclier","","","","","","","","","","","","",""
"","","","Shatter [33671]","Zertrümmern","碎裂","Дробление","Fracasser","","","","","","","","","","","","","","","","","","","","Warmth of Forgiveness [28760] --180--","Güte der Vergebung","宽恕的热情","Тепло Прощения","Cordialité du pardon","","","","","","","","Fel Regeneration Potion [38908]","Teufelsregenerationstrank","魔能回复药水","Оскверненное зелье регенерации","Potion de régénération gangrenée","","Shadow Protection Potion [7242]","Schattenschutz","防护暗影药水","Зелье защиты от темной магии","Potion de protection contre l'Ombre","","Bear Form [5487] {1.5}","Bärengestalt","熊形态","Облик медведя","Forme d'ours","","","","","","","","","","","","","","Eagle Eye [6197] {1.5}","Adlerauge","鹰眼术","Орлиный глаз","Oeil d'aigle","","","","","","","","","","","","","","","","","","","","","","","","","","","","","","","","Holy Wrath [2812*,10318*,27139] {2}","Heiliger Zorn","神圣愤怒","Гнев небес","Colère divine","","","","","","","","","","","","","","Mind Soothe [453*,8192*,10953*,25596] {1.5}","Gedankenbesänftigung","安抚心灵","Усмирение","Apaisement","","","","","","","","","","","","","","","","","","","","","","","","","","","","","","","","Wrath of Air Totem [3738] {1.5}","Totem des stürmischen Zorns","空气之怒图腾","Тотем гнева воздуха","Totem de courroux de l'air","","","","","","","","","","","","","","Soul Link [19028] {1.5}","Seelenverbindung","灵魂链接","Связка души","Lien spirituel","","","","","","","","","","","","","","Slam [1464*,8820*,11604*,11605*,25241*,25242] {1.5}","Zerschmettern","猛击","Сокрушение","Heurtoir","","","","","","","","","","","","",""
"","","","Cave In [36240]","Höhleneinsturz","洞穴震颤","Завал","Eboulement","","","","","","","","","","","","","","","","","","","","Wushoolay's Charm of Nature [24542] {true} --180-- ++15++","Wushoolays Amulett der Natur","乌苏雷的自然护符","Амулет Природы Вушулая","Charme de nature de Wushoolay","","","","","","","","Super Rejuvenation Potion [28517]","Erstklassiger Verjüngungstrank","超级活力药水","Гигантский флакон с зельем омоложения","Potion de super-régénération","","Shadow Ward NOT MAX RANK (rank 1-3) [6229,11739,11740]","Schattenzauberschutz NICHT MAXIMALER RANG (Rang 1-3)","防护暗影结界 不是最大等级 (等级 1-3)","Защита от темной магии не максимальный ранг (ранг 1-3)","Gardien de l'ombre RANG NON MAX (rang 1-3)","","Cat Form [768] {1.5}","Katzengestalt","猎豹形态","Облик кошки","Forme de félin","","","","","","","","","","","","","","Eyes of the Beast [1002] {2}","Augen des Wildtiers","野兽之眼","Глаза зверя","Oeil de la bête","","","","","","","","","","","","","","","","","","","","","","","","","","","","","","","","Judgement [20271] {0.5}","Richturteil","审判","Правосудие","Jugement","","","","","","","","","","","","","","Psychic Scream [8122,8124,10888,10890] {1.5}","Psychischer Schrei","心灵尖啸","Ментальный крик","Cri psychique","","","","","","","","","","","","","","","","","","","","","","","","","","","","","","","","Earthbind Totem [2484] {1.5}","Totem der Erdbindung","地缚图腾","Тотем оков земли","Totem de lien terrestre","","","","","","","","","","","","","","Unstable Affliction [30108*,30404*,30405] {1.5}","Instabiles Gebrechen","痛苦无常","Нестабильное колдовство","Affliction instable","","","","","","","","","","","","","","Spell Reflection [23920] {0.5}","Zauberreflexion","法术反射","Отражение заклинаний","Renvoi de sort","","","","","","","","","","","","",""
"","","","Charred Earth [30129]","Verbrannte Erde","灼烧土地","Опаленная земля","Terre calcinée","","","","","","","","","","","","","","","","","","","","Dark Iron Smoking Pipe [51953] {true} --120-- ++20++","Tabakspfeife aus Dunkeleisen","黑铁烟枪","Курительная трубка клана Черного","Pipe fumante sombrefer","","","","","","","","Major Rejuvenation Potion [22729]","Erheblicher Verjüngungstrank","特效活力药水","Большое зелье омоложения","Potion de régénération majeure","","Shadow Ward (rank 4) [28610]","Schattenzauberschutz (Rang 4)","防护暗影结界 (等级 4)","Защита от темной магии (ранг 4)","Gardien de l'ombre (rang 4)","","Dire Bear Form [9634] {1.5}","Terrorbärengestalt","巨熊形态","Облик лютого медведя","Forme d'ours redoutable","","","","","","","","","","","","","","Flare [1543] {1.5}","Leuchtfeuer","照明弹","Осветительная ракета","Fusée éclairante","","","","","","","","","","","","","","","","","","","","","","","","","","","","","","","","Righteous Defense [31789] {1.5}","Rechtschaffene Verteidigung","正义防御","Праведная защита","Défense vertueuse","","","","","","","","","","","","","","Shackle Undead [9484,9485,10955] {1.5}","Untote fesseln","束缚亡灵","Сковывание нежити","Entraves des morts-vivants","","","","","","","","","","","","","","","","","","","","","","","","","","","","","","","","Stoneskin Totem [8071*,8154*,8155*,10406*,10407*,10408*,25508*,25509] {1.5}","Totem der Steinhaut","石肤图腾","Тотем каменной кожи","Totem de Peau de pierre","","","","","","","","","","","","","","Melee - excluded from activity! [1] {0}","Nahkampfangriff - ausgenommen von der Aktivität","近战 - 被排除在动作之外","автоатаки (исключены из метрики)","Mêlée - exclus de l'activité","","","","","","","","","","","","","","Sunder Armor (uptime%) [7386*,7405*,8380*,11596*,11597*,25225] {1.5}","Rüstung zerreißen (Uptime%)","破甲攻击 (覆盖率%)","Раскол брони (аптайм%)","Fracasser armure (uptime%)","","","","","","","","","","","","",""
"","","","Flame Wreath [30004]","D","烈焰花环","Венец пламени","Couronne de flammes","","","","","","","","","","","","","","","","","","","","Hex Shrunken Head [43712] {true} --120-- ++20++","Verhexter Schrumpfkopf","妖术之颅","Усохшая проклятая голова","Tête réduite à maléfices","","","","","","","","Super Mana Potion equivalents [28499,28555,32948,41617,41618]","Erstklassiger Manatrank o.ä.","超级法力药水或类似药水","Гигантский флакон с зельем маны и подобные","Potion de super-mana ou similaire","","Voidwalker Sacrifice [697]","Leerwandler opfern","虚空行者献祭","Призыв демона Бездны","Invocation d'un marcheur du Vide","","Moonkin Form [24858] {1.5}","Moonkin Form","Moonkin Form","Moonkin Form","Moonkin Form","","","","","","","","","","","","","","Hunter's Mark (uptime%) [1130*,14323*,14324*,14325] {1.5}","Mal des Jägers (Uptime%)","猎人印记 (覆盖率%)","Метка охотника (аптайм%)","Marque du chasseur (uptime%)","","","","","","","","","","","","","","","","","","","","","","","","","","","","","","","","Righteous Fury [25780] {1.5}","Zorn der Gerechtigkeit","正义之怒","Праведное неистовство","Fureur vertueuse","","","","","","","","","","","","","","Binding Heal (overheal%) [32546] {1.5}","Verbindende Heilung (Overheal%)","联结治疗 (过量治疗%)","Связующее исцеление (оверхил%)","Soins de lien (overheal%)","","","","","","","","","","","","","","","","","","","","","","","","","","","","","","","","Strength of Earth Totem [8075*,8160*,8161*,10442*,25361*,25528] {1.5}","Totem der Erdstärke","大地之力图腾","Тотем силы земли","Totem de Force de la Terre","","","","","","","","","","","","","","Shoot (wand) [5019] {1.5}","Schießen (Zauberstab)","射击 (魔法棒)","Выстрел (Волшебная палочка)","Tir (baguette)","","","","","","","","","","","","","","Sunder Armor% on targets < 5 stacks [99999] {0}","Rüstung zerreißen% auf Zielen mit <5 Stacks","对 <5 层的目标造成护甲撕裂%","Раскол брони% по целям с <5 стеками","Fracasser armure sur des cibles avec <5 stacks","","","","","","","","","","","","",""
"","","","Hellfire [30859]","Höllenfeuer","地狱烈焰","Адское пламя","Flammes infernales","","","","","","","","","","","","","","","","","","","","Icon of the Silver Crescent [35163] {true} --120-- ++20++","Ikone des Silberwappens        ","银色新月徽记","Икона Серебряного Полумесяца","Icône du croissant d'argent","","","","","","","","all other Mana Potions [11903,17530,13443,17531,33733]","andere Manatränke","其他法力药水","все остальные зелья маны","toutes les autres potions de mana","","Mana Shield [27131]","Manaschild","法力护盾","Щит маны","Bouclier de mana","","Tree of Life [33891] {1.5}","Baum des Lebens","生命之树","Древо жизни","Arbre de vie","","","","","","","","","","","","","","Mend Pet [136*,3111*,3661*,3662*,13542*,13543*,13544*,27046] {2.5}","Tier heilen","治疗宠物","Лечение питомца","Guérison du familier","","","","","","","","","","","","","","","","","","","","","","","","","","","","","","","","Seal of Blood [31892] {1.5}","Siegel des Blutes","鲜血圣印","Печать крови","Sceau de sang","","","","","","","","","","","","","","Flash Heal (rank 9) (overheal%) [25235] {1.5}","Blitzheilung (Rang 9) (Overheal%)","快速治疗 (等级 9) (过量治疗%)","Быстрое исцеление (ранг 9) (оверхил%)","Soins rapides (rang 9) (overheal%)","","","","","","","","","","","","","","","","","","","","","","","","","","","","","","","","Tremor Totem [8143] {1.5}","Totem des Erdstoßes","战栗图腾","Тотем трепета","Totem de Séisme","","","","","","","","","","","","","","","","","","","","","","","","","","","","","","","","Sweeping Strikes [12328] {0}","Weitreichende Stöße","横扫攻击","Размашистые удары","Attaques circulaires","","","","","","","","","","","","",""
"","","","Shadow Nova [30852]","Schattennova","暗影新星","Теневая звезда","Nova de l'ombre","","","","","","","","","","","","","","","","","","","","Shifting Naaru Sliver [45044] {true} --90-- ++15++","Veränderlicher Naarusplitter","变幻的纳鲁薄片","Переливчатая лента наару","Esquille naaru changeante","","","","","","","","Fel Mana Potion [38929]","Teufelsmanatrank","魔能法力药水","Оскверненное зелье маны","Potion de mana gangrenée","","Power Word: Shield [17,592,600,3747,6065,6066,10898,10899,10900,10901,25217,25218]","Machtwort: Schild","真言术：盾","Слово силы: Щит","Mot de pouvoir : Bouclier","","Bash [5211*,6798*,8983] {1.5}","Hieb","猛击","Оглушить","Sonner","","","","","","","","","","","","","","Revive Pet [982] {10}","Tier wiederbeleben","复活宠物","Воскрешение питомца","Ressusciter le familier","","","","","","","","","","","","","","","","","","","","","","","","","","","","","","","","Seal of Command (twisted swings on bosses%) [20375,20424] {1.5}","Siegel des Befehls (Treffer mit Doppelsiegel bei Bossen%)","命令圣印 (圣印舞击中boss%)","Печать повиновения (удар с двойной знак на боссах%)","Sceau d'autorité (seal twisting sur boss%)","","","","","","","","","","","","","","Flash Heal (rank 8) (overheal%) [25233] {1.5}","Blitzheilung (Rang 8) (Overheal%)","快速治疗 (等级 8) (过量治疗%)","Быстрое исцеление (ранг 8) (оверхил%)","Soins rapides (rang 8) (overheal%)","","","","","","","","","","","","","","","","","","","","","","","","","","","","","","","","Flametongue Weapon [8024*,8027*,8030*,16339*,16341*,16342*,25489] {1.5}","Waffe der Flammenzunge","火舌武器","Оружие языка пламени","Arme Langue de feu","","","","","","","","","","","","","","","","","","","","","","","","","","","","","","","","Taunt [355] {0.5}","Spott","嘲讽","Провокация","Provocation","","","","","","","","","","","","",""
"","","","Blast Wave [33061]","Druckwelle","冲击波","Взрывная волна","Vague explosive","","","","","","","","","","","","","","","","","","","","Spell Power (Scryer's Bloodgem and/or Xi'ri's Gift) [35337] {true} --90-- ++15+","Zauberkraft (Blutjuwel der Seher und/oder Xi'ris Gabe)","法术能量(占星者的血钻石/克希利的礼物)","Сила заклинаний (Камень крови Провидцев/Дар Зи'ри)","Puissance des sorts (Gemme de sang de clairvoyant ou Don de Xi'ri)","","","","","","","","Mad Alchemist's Potion [45051]","Trank des verrückten Alchimisten","疯狂炼金师药水","Зелье безумного алхимика","Potion de l'alchimiste fou","","Greater Ward of Shielding [29719]","Großer Zauberschutz der Abschirmung","强效护盾结界","Сильный оберег","Gardien de sauvegarde supérieur","","Claw [1082*,3029*,5201*,9849*,9850*,27000] {1}","Klaue","爪击","Когти","Griffe","","","","","","","","","","","","","","Trueshot Aura [19506*,20905*,20906*,27066] {1.5}","Aura des Volltreffers","强击光环","Аура меткого выстрела","Aura de précision","","","","","","","","","","","","","","","","","","","","","","","","","","","","","","","","Seal of Corruption [348704] {1.5}","Siegel der Verderbnis","腐蚀圣印","Печать порчи","Sceau de corruption","","","","","","","","","","","","","","Flash Heal (rank 7) (overheal%) [10917] {1.5}","Blitzheilung (Rang 7) (Overheal%)","快速治疗 (等级 7) (过量治疗%)","Быстрое исцеление (ранг 7) (оверхил%)","Soins rapides (rang 7) (overheal%)","","","","","","","","","","","","","","","","","","","","","","","","","","","","","","","","Frostbrand Weapon [8033*,8038*,10456*,16355*,16356*,25500] {1.5}","Waffe des Frostbrands","冰封武器","Оружие ледяного клейма","Arme de givre","","","","","","","","","","","","","","","","","","","","","","","","","","","","","","","","Thunder Clap (uptime%) [6343*,8198*,8204*,8205*,11580*,11581*,25264] {1.5}","Donnerknall (Uptime%)","雷霆一击 (覆盖率%)","Удар грома (аптайм%)","Coup de tonnerre (uptime%)","","","","","","","","","","","","",""
"","","","Conflagration [30757]","Großbrand","燃烧","Воспламенение","Déflagration","","","","","","","","","","","","","","","","","","","","The Arcanist's Stone [34000] {true} --120-- ++20++","Arkanistenstein","奥法师之石","Камень чародея","Pierre d'arcaniste","","","","","","","","Major Dreamless Sleep Potion [28504] ++12++","Erheblicher Trank des traumlosen Schlafs","特效无梦睡眠药水","Большое зелье сна без сновидений","Potion de sommeil sans rêve majeure","","Greater Rune of Warding [42137]","Große Rune des Schutzes","强效结界符文","Сильная охранная руна","Rune de garde supérieure","","Cower [8998*,9000*,9892*,27004,31709*] {1}","Ducken","畏缩","Попятиться","Dérobade","","","","","","","","","","","","","","Auto Shot (Expose Weakness uptime%) [75] {0}","Automatischer Schuss (Uptime% von Schwäche aufd.)","自动射击 (破甲虚弱 覆盖率%)","Автом. стрельба (Выявление сла. аптайм%)","Tir automatique (Perce-faille uptime%)","","","","","","","","","","","","","","","","","","","","","","","","","","","","","","","","Seal of Justice [20164] {1.5}","Siegel der Gerechtigkeit","公正圣印","Печать справедливости","Sceau de justice","","","","","","","","","","","","","","Flash Heal (rank 6) (overheal%) [10916] {1.5}","Blitzheilung (Rang 6) (Overheal%)","快速治疗 (等级 6) (过量治疗%)","Быстрое исцеление (ранг 6) (оверхил%)","Soins rapides (rang 6) (overheal%)","","","","","","","","","","","","","","","","","","","","","","","","","","","","","","","","Rockbiter Weapon [8017*,8018*,8019*,10399*,16314*,16315*,16316*,25479*,25485] {1.5}","Waffe des Felsbeißers","石化武器","Оружие камнедробителя","Arme Croque-roc","","","","","","","","","","","","","","","","","","","","","","","","","","","","","","","","Victory Rush [34428] {1.5}","Siegesrausch","乘胜追击","Победный раж","Ivresse de la victoire","","","","","","","","","","","","",""
"","","","Debris [30631]","Trümmer","碎片","Обломки","Débris","","","","","","","","","","","","","","","","","","","","The Skull of Gul'dan [40396] {true} --120-- ++20++","Der Schädel des Gul'dan","古尔丹之颅","Череп Гул'дана","Le crâne de Gul'dan","","","","","","","","Charged Crystal Focus [41237]","Aufgeladener Kristallfokus","充电水晶焦点","Заряженное кристальное средоточие","Focalisateur en cristal chargé","","","","","","","","Demoralizing Roar [99*,1735*,9490*,9747*,9898*,26998] {1.5}","Demoralisierendes Gebrüll","挫志咆哮","Устрашающий рев","Rugissement démoralisant","","","","","","","","","","","","","","Melee - excl. from activity [1] {0}","Nahkampfangriff - ausgenommen von der Aktivität","近战 - 被排除在动作之外","автоатаки (исключены из метрики)","Mêlée - exclus de l'activité","","","","","","","","","","","","","","","","","","","","","","","","","","","","","","","","Seal of Light [20165*,20347*,20348*,20349*,27160] {1.5}","Siegel des Lichts","光明圣印","Печать Cвета","Sceau de lumière","","","","","","","","","","","","","","Flash Heal (rank 5) (overheal%) [10915] {1.5}","Blitzheilung (Rang 5) (Overheal%)","快速治疗 (等级 5) (过量治疗%)","Быстрое исцеление (ранг 5) (оверхил%)","Soins rapides (rang 5) (overheal%)","","","","","","","","","","","","","","","","","","","","","","","","","","","","","","","","Windfury Weapon [8232*,8235*,10486*,16362*,25505] {1.5}","Waffe des Windzorns","风怒武器","Оружие неистовства ветра","Arme Furie-des-vents","","","","","","","","","","","","","","","","","","","","","","","","","","","","","","","","Melee (Deep Wounds uptime total%) [1] {0}","Nahkampfangriff (Uptime% von Tiefe Wunden)","近战 (重伤 覆盖率%)","автоатаки (исключены из метрики)","Mêlée - exclus de l'activité","","","","","","","","","","","","",""
"","","","Spout [37433]","Schwall","喷涌","Водомет","Jet","","","","","","","","","","","","","","","","","","","","Vengeance of the Illidari [33662] {true} --90-- ++15++","Uraltes Arkanrelikt der Draenei","伊利达雷的复仇","Отмщение иллидари","Vengeance des Illidari","","","","","","","","Demonic Rune/Dark Rune [27869,16666]","Dämonische Rune/Dunkelrune","恶魔符文/黑暗符文","Темная/Демоническая руна","Rune ténébreuse/Rune démoniaque","","","","","","","","Enrage [5229] {0.5}","Wutanfall","激怒","Исступление","Enrager","","","","","","","","","","","","","","","","","","","","","","","","","","","","","","","","","","","","","","","","","","","","","","","","","","Seal of Righteousness [20154*,21084*,20287*,20288*,20289*,20290*,20291*,20292*,20293*,27155] {1.5}","Siegel der Rechtschaffenheit","正义圣印","Печать праведности","Sceau de piété","","","","","","","","","","","","","","Flash Heal (rank 4) (overheal%) [9474] {1.5}","Blitzheilung (Rang 4) (Overheal%)","快速治疗 (等级 4) (过量治疗%)","Быстрое исцеление (ранг 4) (оверхил%)","Soins rapides (rang 4) (overheal%)","","","","","","","","","","","","","","","","","","","","","","","","","","","","","","","","Stormstrike [17364] {0}","Sturmschlag","风暴打击","Удар бури","Frappe-tempête","","","","","","","","","","","","","","","","","","","","","","","","","","","","","","","","","","","","","","","","","","","","","","","","",""
"","","","Scalding Water [37284]","Siedendes Wasser","沸水","Кипящая вода","Eau brûlante","","","","","","","","","","","","","","","","","","","","Draconic Infused Emblem [27675] {true} --75-- ++15++","Emblem der drachischen Macht","龙人能量徽章","Талисман Драконьей Силы","Emblème draconique imprégné","","","","","","","","Master/Major/Greater Healthstone [27237,27236,27235,23477,23476,23475,11732]","Gesundheitssteine aller Art","各种保健石","все камни здоровья","Pierre de soins magistrale/supérieure/majeure","","","","","","","","Ferocious Bite [22568*,22827*,22828*,31018*,22829*,24248] {1}","Wilder Biss","凶猛撕咬","Свирепый укус","Morsure féroce","","","","","","","","","","","","","","","","","","","","","","","","","","","","","","","","","","","","","","","","","","","","","","","","","","Seal of the Crusader [21082*,20162*,20305*,20306*,20307*,20308*,27158] {1.5}","Siegel des Kreuzfahrers","十字军圣印","Печать воина Cвета","Sceau du Croisé","","","","","","","","","","","","","","Flash Heal (rank 3) (overheal%) [9473] {1.5}","Blitzheilung (Rang 3) (Overheal%)","快速治疗 (等级 3) (过量治疗%)","Быстрое исцеление (ранг 3) (оверхил%)","Soins rapides (rang 3) (overheal%)","","","","","","","","","","","","","","","","","","","","","","","","","","","","","","","","Melee - excluded from activity [1] {0}","Nahkampfangriff - ausgenommen bei der Aktivität","近战 - 被排除在动作之外","автоатаки (исключены из метрики)","Mêlée - exclus de l'activité","","","","","","","","","","","","","","","","","","","","","","","","","","","","","","","","","","","","","","","","","","","","","","","","",""
"","","","Flame Quills [34229,34269,34270,34271,34272,34273,34274,34275,34276,34277,34278,34279,34280,34281,34282,34283,34284,34285,34286,34287,34288,34289,34314,34315,34316]","Flammenfedern","烈焰飞羽","Огненные перья","Plumes de feu","","","","","","","","","","","","","","","","","","","","Essence of Sapphiron [28779] {true} --120-- ++20++","Die gebundene Essenz Saphirons","萨菲隆的精华","Плененная сущность Сапфирона","L'essence contenue de Saphiron","","","","","","","","Night Dragon's Breath [15701]","Nachtdrachenodem","夜龙之息","Дыхание ночного дракона","Souffle de dragon nocturne","","","","","","","","Growl [6795] {0.5}","Knurren","低吼","Рык","Grondement","","","","","","","","","","","","","","","","","","","","","","","","","","","","","","","","","","","","","","","","","","","","","","","","","","Seal of the Martyr [348700] {1.5}","Siegel des Märtyrers","殉难圣印","Печать крови","Sceau du martyr","","","","","","","","","","","","","","Flash Heal (rank 2) (overheal%) [9472] {1.5}","Blitzheilung (Rang 2) (Overheal%)","快速治疗 (等级 2) (过量治疗%)","Быстрое исцеление (ранг 2) (оверхил%)","Soins rapides (rang 2) (overheal%)","","","","","","","","","","","","","","","","","","","","","","","","","","","","","","","","Earth Shield (uptime total%) [974*,32593*,32594] {1.5}","Erdschild (Uptime total%)","大地之盾 (总覆盖率%)","Щит земли (Общая аптайм%)","Bouclier de terre (uptime total%)","","","","","","","","","","","","","","","","","","","","","","","","","","","","","","","","","","","","","","","","","","","","","","","","",""
"","","","Arcane Orb [34190]","Arkane Kugel","奥术宝珠","Чародейский шар","Orbe des arcanes","","","","","","","","","","","","","","","","","","","","Eye of Moam [26166] {true} --180-- ++30++","Auge von Moam","莫阿姆之眼","Глаз Моама","Oeil de Moam","","","","","","","","Mana Emerald [27103]","Manasmaragd","法力刚玉","Изумруд маны","Emeraude de mana","","","","","","","","Lacerate [33745] {1}","Aufschlitzen","割伤","Растерзать","Lacérer","","","","","","","","","","","","","","","","","","","","","","","","","","","","","","","","","","","","","","","","","","","","","","","","","","Seal of Vengeance [31801] {1.5}","Siegel der Vergeltung","复仇圣印","Печать мщения","Sceau de vengeance","","","","","","","","","","","","","","Flash Heal (rank 1) (overheal%) [2061] {1.5}","Blitzheilung (Rang 1) (Overheal%)","快速治疗 (等级 1) (过量治疗%)","Быстрое исцеление (ранг 1) (оверхил%)","Soins rapides (rang 1) (overheal%)","","","","","","","","","","","","","","","","","","","","","","","","","","","","","","","","Water Shield (uptime total%) [24398*,33736] {1.5}","Wasserschild (Uptime total%)","水之护盾 (总覆盖率%)","Водный щит (Общая аптайм%)","Bouclier d'eau (uptime total%)","","","","","","","","","","","","","","","","","","","","","","","","","","","","","","","","","","","","","","","","","","","","","","","","",""
"","","","Flame Patch [35383]","Flammenfeld","烈焰之地","Огненный след","Gerbe de flammes","","","","","","","","","","","","","","","","","","","","Mind Quickening Gem [23723] {true} --300-- ++20++","Edelstein des Gedankensprungs","思维加速宝石","Дар Стремительной Мысли","Gemme de vivacité d'esprit","","","","","","","","all other Mana Gems [5405,10052,10057,10058]","alle anderen Manaedelsteine","所有其他法力宝石","все остальные камни маны","toutes les autres gemmes de mana","","","","","","","","Maim [22570] {1}","Zerfleddern","割碎","Калечение","Estropier","","","","","","","","","","","","","","","","","","","","","","","","","","","","","","","","","","","","","","","","","","","","","","","","","","Seal of Wisdom [20166*,20356*,20357*,27166] {1.5}","Siegel der Weisheit","智慧圣印","Печать мудрости","Sceau de sagesse","","","","","","","","","","","","","","Greater Heal (rank 7) (overheal%) [25213] {3}","Große Heilung (Rang 7) (Overheal%)","强效治疗术 (等级 7) (过量治疗%)","Сильное исцеление (ранг 7) (оверхил%)","Soins supérieurs (rang 7) (overheal%)","","","","","","","","","","","","","","","","","","","","","","","","","","","","","","","","Healing Stream Totem [5394*,6375*,6377*,10462*,10463*,25567] {1.5}","Totem des heilenden Flusses","治疗之泉图腾","Тотем исцеляющего потока","Totem guérisseur","","","","","","","","","","","","","","","","","","","","","","","","","","","","","","","","","","","","","","","","","","","","","","","","",""
"","","","Rebirth [34342]","Wiedergeburt","复生","Возрождение","Renaissance","","","","","","","","","","","","","","","","","","","","Talisman of Ascendance [28200] {true} --60-- ++15++","Talisman der Überlegenheit        ","优越护符","Талисман Господства","Talisman d'ascendance","","","","","","","","Thistle Tea [9512]","Disteltee","菊花茶","Скорополоховый чай","Thé de chardon","","","","","","","","Mangle (Bear) [33878*,33986*,33987] {1}","Zerfleischen (Bär)","裂伤（熊)","Увечье (медведь)","Mutilation (ours)","","","","","","","","","","","","","","","","","","","","","","","","","","","","","","","","","","","","","","","","","","","","","","","","","","Melee - excluded from activity [1] {0}","Nahkampfangriff - ausgenommen von der Aktivität","近战 - 被排除在动作之外","автоатаки (исключены из метрики)","Mêlée - exclus de l'activité","","","","","","","","","","","","","","Greater Heal (rank 6) (overheal%) [25210] {3}","Große Heilung (Rang 6) (Overheal%)","强效治疗术 (等级 6) (过量治疗%)","Сильное исцеление (ранг 6) (оверхил%)","Soins supérieurs (rang 6) (overheal%)","","","","","","","","","","","","","","","","","","","","","","","","","","","","","","","","Mana Spring Totem [5675*,10495*,10496*,10497*,25570] {1.5}","Totem der Manaquelle","法力之泉图腾","Тотем источника маны","Totem Fontaine de mana","","","","","","","","","","","","","","","","","","","","","","","","","","","","","","","","","","","","","","","","","","","","","","","","",""
"","","","Mortal Cleave [38572]","Tödliches Spalten","致死顺劈","Смертельный раскол","Enchaînement mortel","","","","","","","","","","","","","","","","","","","","Talisman of Ephemeral Power [23271] {true} --90-- ++15++","Talisman der ephemeren Macht","短暂能量护符","Талисман эфемерной власти","Talisman de puissance éphémère","","","","","","","","Whipper Root Tuber [15700]","Peitscherwurzelknollen","鞭根块茎","Плод кнутокорня","Tubercule de navetille","","","","","","","","Mangle (Cat) [33876*,33982*,33983] {1}","Zerfleischen (Katze)","裂伤（豹)","Увечье (кошка)","Mutilation (félin)","","","","","","","","","","","","","","","","","","","","","","","","","","","","","","","","","","","","","","","","","","","","","","","","","","Flash of Light (rank 7) (overheal%) [27137] {1.5}","Lichtblitz (Rang 7) (Overheal%)","圣光闪现 (等级 7) (过量治疗%)","Вспышка Света (ранг 7) (оверхил%)","Eclair lumineux (rank 7) (overheal%)","","","","","","","","","","","","","","Greater Heal (rank 5) (overheal%) [25314] {3}","Große Heilung (Rang 5) (Overheal%)","强效治疗术 (等级 5) (过量治疗%)","Сильное исцеление (ранг 5) (оверхил%)","Soins supérieurs (rang 5) (overheal%)","","","","","","","","","","","","","","","","","","","","","","","","","","","","","","","","Healing Wave (rank 12) (overheal%) [25396] {3}","Welle der Heilung (Rang 12) (Overheal%)","治疗波 (等级 12) (过量治疗%)","Волна исцеления (ранг 12) (оверхил%)","Vague de soins (rang 12) (overheal%)","","","","","","","","","","","","","","","","","","","","","","","","","","","","","","","","","","","","","","","","","","","","","","","","",""
"","","","Spore Cloud [38653]","Sporenwolke","孢子之云","Споровое облако","Nuage de spores","","","","","","","","","","","","","","","","","","","","Zandalarian Hero Charm [24659] {true} --120-- ++20++","Heldenamulett der Zandalari","赞达拉英雄护符","Изменчивая сила","Charme de héros zandalarien","","","","","","","","Anti-Venoms and similar [16537,3592,23786,7932,7935]","diverse Gegengifte","各种解毒剂","Противоядия и тому подобное","anti-venin et similaire","","","","","","","","Maul [6807*,6808*,6809*,8972*,9745*,9880*,9881*,26996] {0.5}","Zermalmen","重殴","Трепка","Mutiler","","","","","","","","","","","","","","","","","","","","","","","","","","","","","","","","","","","","","","","","","","","","","","","","","","Flash of Light (rank 6) (overheal%) [19943] {1.5}","Lichtblitz (Rang 6) (Overheal%)","圣光闪现 (等级 6) (过量治疗%)","Вспышка Света (ранг 6) (оверхил%)","Eclair lumineux (rank 6) (overheal%)","","","","","","","","","","","","","","Greater Heal (rank 4) (overheal%) [10965] {3}","Große Heilung (Rang 4) (Overheal%)","强效治疗术 (等级 4) (过量治疗%)","Сильное исцеление (ранг 4) (оверхил%)","Soins supérieurs (rang 4) (overheal%)","","","","","","","","","","","","","","","","","","","","","","","","","","","","","","","","Healing Wave (rank 7-11) (overheal%) [8005,10395,10396,25357,25391] {3}","Welle der Heilung (Rang 7-11) (Overheal%)","治疗波 (等级 7-11) (过量治疗%)","Волна исцеления (ранг 7-11) (оверхил%)","Vague de soins (rang 7-11) (overheal%)","","","","","","","","","","","","","","","","","","","","","","","","","","","","","","","","","","","","","","","","","","","","","","","","",""
"","","","Arcane Burst [36970]","Arkane Wucht","奥术爆裂","Волшебный вихрь","Jaillissement des arcanes","","","","","","","","","","","","","","","","","","","","Jewel of Charismatic Mystique [33486] --300--","Juwel des Wunderglaubens        ","非凡秘法宝珠","Самоцвет таинственного чудотворца","Joyau du mystique charismatique","","","","","","","","Potion of Curing [26677]","Trank der Genesung","治愈药水","Эликсир излечения","Potion de guérison","","","","","","","","Pounce [9005*,9823*,9827*,27006] {1}","Anspringen","突袭","Наскок","Traquenard","","","","","","","","","","","","","","","","","","","","","","","","","","","","","","","","","","","","","","","","","","","","","","","","","","Flash of Light (rank 5) (overheal%) [19942] {1.5}","Lichtblitz (Rang 5) (Overheal%)","圣光闪现 (等级 5) (过量治疗%)","Вспышка Света (ранг 5) (оверхил%)","Eclair lumineux (rank 5) (overheal%)","","","","","","","","","","","","","","Greater Heal (rank 3) (overheal%) [10964] {3}","Große Heilung (Rang 3) (Overheal%)","强效治疗术 (等级 3) (过量治疗%)","Сильное исцеление (ранг 3) (оверхил%)","Soins supérieurs (rang 3) (overheal%)","","","","","","","","","","","","","","","","","","","","","","","","","","","","","","","","Healing Wave (rank 1-6) (overheal%) [331,332,547,913,939,959] {2.5}","Welle der Heilung (Rang 1-6) (Overheal%)","治疗波 (等级 1-6) (过量治疗%)","Волна исцеления (ранг 1-6) (оверхил%)","Vague de soins (rang 1-6) (overheal%)","","","","","","","","","","","","","","","","","","","","","","","","","","","","","","","","","","","","","","","","","","","","","","","","",""
"","","","Flame Strike [36731]","Flammenstoß","烈焰风暴","Поражение пламенем","Frappe de flammes","","","","","","","","","","","","","","","","","","","","Timelapse Shard [35352] --120--","Zeitraffersplitter","时间流逝碎片","Осколок разрыва времени","Eclat de l'instant temporel","","","","","","","","Redcap Toadstool [32305] ++60++","Roter Fliegenpilz","红伞菇","Мухомор","Amanite tue-mouches","","","","","","","","Prowl [5215*,6783*,9913] {0.5}","Schleichen","潜行","Крадущийся зверь","Rôder","","","","","","","","","","","","","","","","","","","","","","","","","","","","","","","","","","","","","","","","","","","","","","","","","","Flash of Light (rank 4) (overheal%) [19941] {1.5}","Lichtblitz (Rang 4) (Overheal%)","圣光闪现 (等级 4) (过量治疗%)","Вспышка Света (ранг 4) (оверхил%)","Eclair lumineux (rank 4) (overheal%)","","","","","","","","","","","","","","Greater Heal (rank 2) (overheal%) [10963] {3}","Große Heilung (Rang 2) (Overheal%)","强效治疗术 (等级 2) (过量治疗%)","Сильное исцеление (ранг 2) (оверхил%)","Soins supérieurs (rang 2) (overheal%)","","","","","","","","","","","","","","","","","","","","","","","","","","","","","","","","Lesser Healing Wave (rank 7) (overheal%) [25420] {1.5}","Geringe Welle der Heilung (Rang 7) (Overheal%)","次级治疗波 (等级 7) (过量治疗%)","Слабая волна исцеления (ранг 7) (оверхил%)","Vague de soins inférieurs (rang 7) (overheal%)","","","","","","","","","","","","","","","","","","","","","","","","","","","","","","","","","","","","","","","","","","","","","","","","",""
"","","","Burn [36721]","Brand","燃烧","Горение","Brûler","","","","","","","","","","","","","","","","","","","","Eye of Diminution [28862] {true} --120-- ++20++","Auge des Schwunds","衰落之眼","Глаз Убывания","Oeil de diminution","","","","","","","","Heavy Netherweave Bandage [27031]","Schwerer Netherstoffverband","厚灵纹布绷带","Плотные бинты из ткани Пустоты","Bandage épais en tisse-néant","","","","","","","","Rake [1822*,1823*,1824*,9904*,27003] {1}","Krallenhieb","斜掠","Глубокая рана","Griffure","","","","","","","","","","","","","","","","","","","","","","","","","","","","","","","","","","","","","","","","","","","","","","","","","","Flash of Light (rank 3) (overheal%) [19940] {1.5}","Lichtblitz (Rang 3) (Overheal%)","圣光闪现 (等级 3) (过量治疗%)","Вспышка Света (ранг 3) (оверхил%)","Eclair lumineux (rank 3) (overheal%)","","","","","","","","","","","","","","Greater Heal (rank 1) (overheal%) [2060] {3}","Große Heilung (Rang 1) (Overheal%)","强效治疗术 (等级 1) (过量治疗%)","Сильное исцеление (ранг 1) (оверхил%)","Soins supérieurs (rang 1) (overheal%)","","","","","","","","","","","","","","","","","","","","","","","","","","","","","","","","Lesser Healing Wave (rank 1-6) (overheal%) [10468,10467,10466,8010,8008,8004] {1.5}","Geringe Welle der Heilung (Rang 1-6) (Overheal%)","次级治疗波 (等级 1-6) (过量治疗%)","Слабая волна исцеления (ранг 1-6) (оверхил%)","Vague de soins inférieurs (rang 1-6) (overheal%)","","","","","","","","","","","","","","","","","","","","","","","","","","","","","","","","","","","","","","","","","","","","","","","","",""
"","","","Toxic Spores [360327]","Toxische Sporen","剧毒孢子","Отравляющие споры","Spores toxiques","","","","","","","","","","","","","","","","","","","","Fetish of the Sand Reaver [26400] {true} --180-- ++20++","Fetisch des Sandhäschers","沙漠掠夺者塑像","Фетиш Песчаного разбойника","Fétiche du saccageur des sables","","","","","","","","Heavy Runecloth Bandage [18610]","Schwerer Runenstoffverband","厚符文布绷带","Плотные бинты из рунической ткани","Bandage épais en étoffe runique","","","","","","","","Ravage [6785*,6787*,9866*,9867*,27005] {1}","Verheeren","毁灭","Накинуться","Ravage","","","","","","","","","","","","","","","","","","","","","","","","","","","","","","","","","","","","","","","","","","","","","","","","","","Flash of Light (rank 2) (overheal%) [19939] {1.5}","Lichtblitz (Rang 2) (Overheal%)","圣光闪现 (等级 2) (过量治疗%)","Вспышка Света (ранг 2) (оверхил%)","Eclair lumineux (rank 2) (overheal%)","","","","","","","","","","","","","","Heal (rank 4) (overheal%) [6064] {3}","Heilen (Rang 4) (Overheal%)","治疗术 (等级 4) (过量治疗%)","Исцеление (ранг 4) (оверхил%)","Soins (rang 4) (overheal%)","","","","","","","","","","","","","","","","","","","","","","","","","","","","","","","","","","","","","","","","","","","","","","","","","","","","","","","","","","","","","","","","","","","","","","","","","","","","","","","","","","","","",""
"","","","Rain of Chaos [40948]","Regen des Chaos","混乱之雨","Ливень Хаоса","Pluie du chaos","","","","","","","","","","","","","","","","","","","","Adamantine Figurine [33479] {true} --120-- ++20++","Adamantitfigur","精金雕像","Адамантиновая статуэтка","Figurine adamantine","","","","","","","","Gift of Arthas (uptime%) [11374]","Arthas' Gabe","阿尔萨斯的礼物","""Дар Артаса"" (аптайм%)","Don d'Arthas (uptime%)","","","","","","","","Rip [1079*,9492*,9493*,9752*,9894*,9896*,27008] {1}","Zerfetzen","割裂","Разорвать","Déchirure","","","","","","","","","","","","","","","","","","","","","","","","","","","","","","","","","","","","","","","","","","","","","","","","","","Flash of Light (rank 1) (overheal%) [19750] {1.5}","Lichtblitz (Rang 1) (Overheal%)","圣光闪现 (等级 1) (过量治疗%)","Вспышка Света (ранг 1) (оверхил%)","Eclair lumineux (rank 1) (overheal%)","","","","","","","","","","","","","","Heal (rank 3) (overheal%) [6063] {3}","Heilen (Rang 3) (Overheal%)","治疗术 (等级 3) (过量治疗%)","Исцеление (ранг 3) (оверхил%)","Soins (rang 3) (overheal%)","","","","","","","","","","","","","","","","","","","","","","","","","","","","","","","","","","","","","","","","","","","","","","","","","","","","","","","","","","","","","","","","","","","","","","","","","","","","","","","","","","","","",""
"","","","Eye Blast [40018]","Augenfeuer","魔眼冲击","Выстрел из глаз","Energie oculaire","","","","","","","","","","","","","","","","","","","","Argussian Compass [39228] {true} --120-- ++20++","Argusischer Kompass","阿古斯指南针","Аргуссианский компас","Boussole argussienne","","","","","","","","Lei of Lilies [18832]","Lilienwurzel","百合根","Гирлянда из лилий","Collier de lis","","","","","","","","Shred [5221*,6800*,8992*,9829*,9830*,27001*,27002] {1}","Schreddern","撕碎","Полоснуть","Lambeau","","","","","","","","","","","","","","","","","","","","","","","","","","","","","","","","","","","","","","","","","","","","","","","","","","Holy Light (rank 11) (overheal%) [27136] {2.5}","Heiliges Licht (Rang 11) (Overheal%)","圣光术 (等级 11) (过量治疗%)","Свет небес (ранг 11) (оверхил%)","Lumière sacrée (rank 11) (overheal%)","","","","","","","","","","","","","","Heal (rank 2) (overheal%) [2055] {3}","Heilen (Rang 2) (Overheal%)","治疗术 (等级 2) (过量治疗%)","Исцеление (ранг 2) (оверхил%)","Soins (rang 2) (overheal%)","","","","","","","","","","","","","","","","","","","","","","","","","","","","","","","","","","","","","","","","","","","","","","","","","","","","","","","","","","","","","","","","","","","","","","","","","","","","","","","","","","","","",""
"","","","Flame Crash [40832]","Flammenschlag","烈焰碰撞","Поле пламени","Déferlante de flammes","","","","","","","","","","","","","","","","","","","","Brooch of the Immortal King [40538] {true} --300-- ++15++","Brosche des unsterblichen Königs","不朽之王的胸针","Брошь бессмертного короля","Broche du roi immortel","","","","","","","","Flask of Petrification [17624]","Fläschchen der Versteinerung","化石合剂","Настой оцепенения","Flacon de pétrification","","","","","","","","Swipe [779*,780*,769*,9754*,9908*,26997] {1.5}","Prankenhieb","横扫","Размах","Balayage","","","","","","","","","","","","","","","","","","","","","","","","","","","","","","","","","","","","","","","","","","","","","","","","","","Holy Light (rank 6-10) (overheal%) [3472,10328,10329,25292,27135] {2.5}","Heiliges Licht (Rang 6-10) (Overheal%)","圣光术 (等级 6-10) (过量治疗%)","Свет небес (ранг 6-10) (оверхил%)","Lumière sacrée (rank 6-10) (overheal%)","","","","","","","","","","","","","","Heal (rank 1) (overheal%) [2054] {3}","Heilen (Rang 1) (Overheal%)","治疗术 (等级 1) (过量治疗%)","Исцеление (ранг 1) (оверхил%)","Soins (rang 1) (overheal%)","","","","","","","","","","","","","","","","","","","","","","","","","","","","","","","","","","","","","","","","","","","","","","","","","","","","","","","","","","","","","","","","","","","","","","","","","","","","","","","","","","","","",""
"","","","Consecration [41541]","Weihe","奉献","Освящение","Consécration","","","","","","","","","","","","","","","","","","","","Dabiri's Enigma [36372] {true} --90-- ++15++","Dabiris Mysterium","达比雷之谜","Загадка Дабири","Enigme de Dabiri","","","","","","","","Magic Dust [1090]","Magischer Staub","魔尘","Волшебная пыль","Poussière magique","","","","","","","","Thrash (Cat) [417437] {0.5}","Hauen (Katze)","痛击（豹）","Взбучка (кошка)","Fureur du tigre","","","","","","","","","","","","","","","","","","","","","","","","","","","","","","","","","","","","","","","","","","","","","","","","","","Holy Light (rank 1-5) (overheal%) [635,639,647,1026,1042] {2.5}","Heiliges Licht (Rang 1-5) (Overheal%)","圣光术 (等级 1-5) (过量治疗%)","Свет небес (ранг 1-5) (оверхил%)","Lumière sacrée (rank 1-5) (overheal%)","","","","","","","","","","","","","","Lesser Heal (overheal%) [2053] {2.5}","Geringes Heilen (Overheal%)","次级治疗术 (过量治疗%)","Слабое исцеление (оверхил%)","Soins inférieurs (overheal %)","","","","","","","","","","","","","","","","","","","","","","","","","","","","","","","","","","","","","","","","","","","","","","","","","","","","","","","","","","","","","","","","","","","","","","","","","","","","","","","","","","","","",""
"","","","Flamestrike [41481]","Flammenstoß","烈焰风暴","Огненный столб","Choc de flammes","","","","","","","","","","","","","","","","","","","","Figurine of the Colossus [33089] {true} --120-- ++20++","Figur des Kolosses","巨人塑像","Статуэтка Колосса","Figurine du Colosse","","","","","","","","Netherweave Net [31367]","Netherstoffnetz","灵纹投网","Сеть из ткани Пустоты","Filet en tisse-néant","","","","","","","","Tiger's Fury [5217*,6793*,9845*,9846] {0.5}","Tigerfuror","猛虎之怒","Тигриное неистовство","Rosser (Félin)","","","","","","","","","","","","","","","","","","","","","","","","","","","","","","","","","","","","","","","","","","","","","","","","","","","","","","","","","","","","","","","","","","","","Power Word: Shield [17,592,600,3747,6065,6066,10898,10899,10900,10901,25217,25218] {1.5}","Machtwort: Schild","真言术：盾","Слово силы: Щит","Mot de pouvoir : Bouclier","","","","","","","","","","","","","","","","","","","","","","","","","","","","","","","","","","","","","","","","","","","","","","","","","","","","","","","","","","","","","","","","","","","","","","","","","","","","","","","","","","","","",""
"","","","Death & Decay [31258]","Tod & Verfall","死亡凋零","Смерть и разложение","Mort & décomposition","","","","","","","","","","","","","","","","","","","","Figurine - Crimson Serpent [46783] {true} --120-- ++20++","Figur - Scharlachrote Schlange","雕像 - 赤尖蛇","Статуэтка багровой змейки","Figurine de cobra cramoisi","","","","","","","","Scourgebane Draught [28486]","Gebräu des Geißelbanns","天灾驱散药膏","Зелье проклятия Плети","Breuvage de Plaie-du-Fléau","","","","","","","","","","","","","","","","","","","","","","","","","","","","","","","","","","","","","","","","","","","","","","","","","","","","","","","","","","","","","","","","","","","","","","","","","","","","","","","","Prayer of Mending [33076] {1.5}","Gebet der Besserung","愈合祷言","Молитва восстановления","Prière de guérison","","","","","","","","","","","","","","","","","","","","","","","","","","","","","","","","","","","","","","","","","","","","","","","","","","","","","","","","","","","","","","","","","","","","","","","","","","","","","","","","","","","","",""
"","","","Doomfire [31944,31969]","Verdammnisfeuer","厄运之火","Роковой Огонь","Feu funeste","","","","","","","","","","","","","","","","","","","","Figurine - Dawnstone Crab [31039] {true} --120-- ++20++","Figur - Dämmersteinkrebs","雕像 - 黎明石螃蟹","Статуэтка краба из зоревика","Figurine de crabe de pierre d'aube","","","","","","","","Scourgebane Infusion [28488]","Macht des Geißelbanns","天灾驱散药水","Настой проклятия Плети","Infusion de Plaie-du-Fléau","","","","","","","","","","","","","","","","","","","","","","","","","","","","","","","","","","","","","","","","","","","","","","","","","","","","","","","","","","","","","","","","","","","","","","","","","","","","","","","","Renew (rank 12) (overheal%) [25222] {1.5}","Erneuerung (Rang 12) (Overheal%)","恢复 (等级 12) (过量治疗%)","Обновление (ранг 12) (оверхил%)","Rénovation (rang 12) (overheal%)","","","","","","","","","","","","","","","","","","","","","","","","","","","","","","","","","","","","","","","","","","","","","","","","","","","","","","","","","","","","","","","","","","","","","","","","","","","","","","","","","","","","",""
"","","","Malevolent Cleave [31436]","Böswilliges Spalten","恶毒顺劈","Злобный раскол","Enchaînement malveillant","","","","","","","","","","","","","","","","","","","","Figurine - Felsteel Boar [31038] {true} --300-- ++30++","Figur - Teufelsstahleber","雕像 - 魔钢野猪","Статуэтка вепря из оскверненной стали","Figurine de sanglier en gangracier","","","","","","","","Snowball [21343]","Schneeball","雪球","Снежок","Boule de neige","","","","","","","","","","","","","","","","","","","","","","","","","","","","","","","","","","","","","","","","","","","","","","","","","","","","","","","","","","","","","","","","","","","","","","","","","","","","","","","","Renew (rank 7-11) (overheal%) [10927,10928,10929,25315,25221] {1.5}","Erneuerung (Rang 7-11) (Overheal%)","恢复 (等级 7-11) (过量治疗%)","Обновление (ранг 7-12) (оверхил%)","Rénovation (rang 7-11) (overheal%)","","","","","","","","","","","","","","","","","","","","","","","","","","","","","","","","","","","","","","","","","","","","","","","","","","","","","","","","","","","","","","","","","","","","","","","","","","","","","","","","","","","","",""
"","","","Molten Flame [40265]","Glühende Flamme","熔岩烈焰","Жарчайшее пламя","Flamme de la fournaise","","","","","","","","","","","","","","","","","","","","Figurine - Living Ruby Serpent [31040] {true} --300-- ++20++","Figur - Lebendige Rubinschlange","雕像 - 红曜石毒蛇","Статуэтка змеи из животворного рубина","Figurine de serpent de rubis vivant","","","","","","","","","","","","","","","","","","","","","","","","","","","","","","","","","","","","","","","","","","","","","","","","","","","","","","","","","","","","","","","","","","","","","","","","","","","","","","","","","","","","","","","","","","","","Renew (rank 1-6) (overheal%) [139,6074,6075,6076,6077,6078] {1.5}","Erneuerung (Rang 1-6) (Overheal%)","恢复 (等级 1-6) (过量治疗%)","Обновление (ранг 1-6) (оверхил%)","Rénovation (rang 1-6) (overheal%)","","","","","","","","","","","","","","","","","","","","","","","","","","","","","","","","","","","","","","","","","","","","","","","","","","","","","","","","","","","","","","","","","","","","","","","","","","","","","","","","","","","","",""
"","","","Volcanic Eruption [40276]","Vulkanausbruch","火山喷发","Извержение вулкана","Eruption volcanique","","","","","","","","","","","","","","","","","","","","Gnomeregan Auto-Blocker 600 [35169] {true} --120-- ++20++","Autoblocker 600 von Gnomeregan","诺莫瑞根自动格挡器600型","Гномреганский автоблокиратор 600","Auto-bloqueur de Gnomeregan 600","","","","","","","","","","","","","","","","","","","","","","","","","","","","","","","","","","","","","","","","","","","","","","","","","","","","","","","","","","","","","","","","","","","","","","","","","","","","","","","","","","","","","","","","","","","","","","","","","","","","","","","","","","","","","","","","","","","","","","","","","","","","","","","","","","","","","","","","","","","","","","","","","","","","","","","","","","","","","","","","","","","","","","","","","","","","","","","","","","","","",""
"","","","L4 Arcane Charge [41349]","Arkane Aufladung","4级奥术充能","L4 чародейских зарядов","Charge arcanique L4","","","","","","","","","","","","","","","","","","","","Regal Protectorate [33668] {true} --300-- ++15++","Königlicher Wachschutz","皇家护符","Монарший протекторат","Protectorat régalien","","","","","","","","","","","","","","","","","","","","","","","","","","","","","","","","","","","","","","","","","","","","","","","","","","","","","","","","","","","","","","","","","","","","","","","","","","","","","","","","","","","","","","","","","","","","","","","","","","","","","","","","","","","","","","","","","","","","","","","","","","","","","","","","","","","","","","","","","","","","","","","","","","","","","","","","","","","","","","","","","","","","","","","","","","","","","","","","","","","","",""
"","","","Volcanic Eruption [42052]","Vulkanausbruch","火山喷发","Извержение вулкана","Eruption volcanique","","","","","","","","","","","","","","","","","","","","Scarab of Displacement [38351] {true} --180-- ++15++","Skarabäus der Verdrängung","偏移甲虫","Скарабей перемещения","Scarabée de déplacement","","","","","","","","","","","","","","","","","","","","","","","","","","","","","","","","","","","","","","","","","","","","","","","","","","","","","","","","","","","","","","","","","","","","","","","","","","","","","","","","","","","","","","","","","","","","","","","","","","","","","","","","","","","","","","","","","","","","","","","","","","","","","","","","","","","","","","","","","","","","","","","","","","","","","","","","","","","","","","","","","","","","","","","","","","","","","","","","","","","","",""
"","","","Demonic Vapor [46931]","Dämonischer Dampf","恶魔蒸汽","Демонические испарения","Vapeur démoniaque","","","","","","","","","","","","","","","","","","","","Shadowmoon Insignia [40464] {true} --180-- ++20++","Insigne des Schattenmondklans","影月徽记","Знак клана Призрачной Луны","Insigne d'Ombrelune","","","","","","","","","","","","","","","","","","","","","","","","","","","","","","","","","","","","","","","","","","","","","","","","","","","","","","","","","","","","","","","","","","","","","","","","","","","","","","","","","","","","","","","","","","","","","","","","","","","","","","","","","","","","","","","","","","","","","","","","","","","","","","","","","","","","","","","","","","","","","","","","","","","","","","","","","","","","","","","","","","","","","","","","","","","","","","","","","","","","",""
"","","","Void Zone Effect [46264]","Leerenzone Effekt","Void Zone Effect","Эффект портала Бездны","Effet de Zone de Vide","","","","","","","","","","","","","","","","","","","","Spyglass of the Hidden Fleet [38325] --120--","Handfernrohr der verborgenen Flotte","隐秘舰队的望远镜","Подзорная труба Сокрытого Флота","Longue-vue de la flotte cachée","","","","","","","","","","","","","","","","","","","","","","","","","","","","","","","","","","","","","","","","","","","","","","","","","","","","","","","","","","","","","","","","","","","","","","","","","","","","","","","","","","","","","","","","","","","","","","","","","","","","","","","","","","","","","","","","","","","","","","","","","","","","","","","","","","","","","","","","","","","","","","","","","","","","","","","","","","","","","","","","","","","","","","","","","","","","","","","","","","","","",""
"","","","Armageddon [45915]","Armageddon","末日决战","Армагеддон","Armageddon","","","","","","","","","","","","","","","","","","","","Steely Naaru Sliver [45049] {true} --300-- ++15++","Stahlharter Naarusplitter","坚硬的纳鲁薄片","Стальная лента наару","Esquille naaru inflexible","","","","","","","","","","","","","","","","","","","","","","","","","","","","","","","","","","","","","","","","","","","","","","","","","","","","","","","","","","","","","","","","","","","","","","","","","","","","","","","","","","","","","","","","","","","","","","","","","","","","","","","","","","","","","","","","","","","","","","","","","","","","","","","","","","","","","","","","","","","","","","","","","","","","","","","","","","","","","","","","","","","","","","","","","","","","","","","","","","","","",""
"","","","Darkness [45996]","Dunkelheit","黑暗","Мрак","Ténèbres","","","","","","","","","","","","","","","","","","","","Coren's Lucky Coin [51952] {true} --120-- ++20++","Corens Glücksmünze","科林的幸运硬币","Счастливая монетка Корена","Pièce porte-bonheur de Coren","","","","","","","","","","","","","","","","","","","","","","","","","","","","","","","","","","","","","","","","","","","","","","","","","","","","","","","","","","","","","","","","","","","","","","","","","","","","","","","","","","","","","","","","","","","","","","","","","","","","","","","","","","","","","","","","","","","","","","","","","","","","","","","","","","","","","","","","","","","","","","","","","","","","","","","","","","","","","","","","","","","","","","","","","","","","","","","","","","","","",""
"","","","Shadow Spike [45885]","Schattenstachel","暗影之刺","Теневой шип","Pointe de l'ombre","","","","","","","","","","","","","","","","","","","","Figurine - Black Diamond Crab [26609] {true} --300-- ++20++","Figur - Schwarzer Diamantkrebs","雕像 - 黑钻石螃蟹","Статуэтка черного алмазного краба","Figurine de crabe de diamant noir","","","","","","","","","","","","","","","","","","","","","","","","","","","","","","","","","","","","","","","","","","","","","","","","","","","","","","","","","","","","","","","","","","","","","","","","","","","","","","","","","","","","","","","","","","","","","","","","","","","","","","","","","","","","","","","","","","","","","","","","","","","","","","","","","","","","","","","","","","","","","","","","","","","","","","","","","","","","","","","","","","","","","","","","","","","","","","","","","","","","",""
"","","","","","","","","","","","","","","","","","","","","","","","","","","","Ancient Aqir Artifact [43713] {true} --120-- ++20++","Altes Artefakt der Aqir","上古埃基尔神器","Древний акирский артефакт","Antique artefact aqir","","","","","","","","","","","","","","","","","","","","","","","","","","","","","","","","","","","","","","","","","","","","","","","","","","","","","","","","","","","","","","","","","","","","","","","","","","","","","","","","","","","","","","","","","","","","","","","","","","","","","","","","","","","","","","","","","","","","","","","","","","","","","","","","","","","","","","","","","","","","","","","","","","","","","","","","","","","","","","","","","","","","","","","","","","","","","","","","","","","","",""
"","","","","","","","","","","","","","","","","","","","","","","","","","","","Diamond Flask [24427] --360--","Diamantenfläschchen","钻石水平","Алмазный настой","Flacon de diamant","","","","","","","","","","","","","","","","","","","","","","","","","","","","","","","","","","","","","","","","","","","","","","","","","","","","","","","","","","","","","","","","","","","","","","","","","","","","","","","","","","","","","","","","","","","","","","","","","","","","","","","","","","","","","","","","","","","","","","","","","","","","","","","","","","","","","","","","","","","","","","","","","","","","","","","","","","","","","","","","","","","","","","","","","","","","","","","","","","","","",""
"","","","","","","","","","","","","","","","","","","","","","","","","","","","Lifegiving Gem [23725] {true} --300-- ++20++","Lebensspendender Edelstein","生命宝石","Животворный камень","Gemme donneuse de vie","","","","","","","","","","","","","","","","","","","","","","","","","","","","","","","","","","","","","","","","","","","","","","","","","","","","","","","","","","","","","","","","","","","","","","","","","","","","","","","","","","","","","","","","","","","","","","","","","","","","","","","","","","","","","","","","","","","","","","","","","","","","","","","","","","","","","","","","","","","","","","","","","","","","","","","","","","","","","","","","","","","","","","","","","","","","","","","","","","","","",""
"","","","","","","","","","","","","","","","","","","","","","","","","","","","Glyph of Deflection [28773] {true} --120-- ++20++","Glyphe der Abwehr","偏斜雕文","Символ отражения","Glyphe de déviation","","","","","","","","","","","","","","","","","","","","","","","","","","","","","","","","","","","","","","","","","","","","","","","","","","","","","","","","","","","","","","","","","","","","","","","","","","","","","","","","","","","","","","","","","","","","","","","","","","","","","","","","","","","","","","","","","","","","","","","","","","","","","","","","","","","","","","","","","","","","","","","","","","","","","","","","","","","","","","","","","","","","","","","","","","","","","","","","","","","","",""
"","","","","","","","","","","","","","","","","","","","","","","","","","","","Nat Pagle's Broken Reel [24610] {true} --75-- ++15++","Nat Pagles kaputte Spule","纳格的卷尺","Сломанный наколдовыватель Ната Пэгла","Moulinet cassé de Nat Pagle","","","","","","","","","","","","","","","","","","","","","","","","","","","","","","","","","","","","","","","","","","","","","","","","","","","","","","","","","","","","","","","","","","","","","","","","","","","","","","","","","","","","","","","","","","","","","","","","","","","","","","","","","","","","","","","","","","","","","","","","","","","","","","","","","","","","","","","","","","","","","","","","","","","","","","","","","","","","","","","","","","","","","","","","","","","","","","","","","","","","",""
"","","","","","","","","","","","","","","","","","","","","","","","","","","","Abacus of Violent Odds [33807] {true} --120-- ++10++","Abakus der Ungleichheit        ","强烈优势算盘","Абак Сильных расхождений","Boulier des probabilités agressives","","","","","","","","","","","","","","","","","","","","","","","","","","","","","","","","","","","","","","","","","","","","","","","","","","","","","","","","","","","","","","","","","","","","","","","","","","","","","","","","","","","","","","","","","","","","","","","","","","","","","","","","","","","","","","","","","","","","","","","","","","","","","","","","","","","","","","","","","","","","","","","","","","","","","","","","","","","","","","","","","","","","","","","","","","","","","","","","","","","","",""
"","","","","","","","","","","","","","","","","","","","","","","","","","","","Badge of Tenacity [40729] {true} --120-- ++20++","Abzeichen der Hartnäckigkeit","坚韧徽章","Жетон упорства","Insigne de ténacité","","","","","","","","","","","","","","","","","","","","","","","","","","","","","","","","","","","","","","","","","","","","","","","","","","","","","","","","","","","","","","","","","","","","","","","","","","","","","","","","","","","","","","","","","","","","","","","","","","","","","","","","","","","","","","","","","","","","","","","","","","","","","","","","","","","","","","","","","","","","","","","","","","","","","","","","","","","","","","","","","","","","","","","","","","","","","","","","","","","","",""
"","","","","","","","","","","","","","","","","","","","","","","","","","","","Berserker's Call [43716] {true} --120-- ++20++","Ruf des Berserkers","狂暴者的召唤","Зов берсерка","Appel du berserker","","","","","","","","","","","","","","","","","","","","","","","","","","","","","","","","","","","","","","","","","","","","","","","","","","","","","","","","","","","","","","","","","","","","","","","","","","","","","","","","","","","","","","","","","","","","","","","","","","","","","","","","","","","","","","","","","","","","","","","","","","","","","","","","","","","","","","","","","","","","","","","","","","","","","","","","","","","","","","","","","","","","","","","","","","","","","","","","","","","","",""
"","","","","","","","","","","","","","","","","","","","","","","","","","","","Bladefist's Breadth [33667] {true} --90-- ++15++","Messerfausts Breite","刃拳的宽容","Кристалл Острорука","Plaque de Lamepoing","","","","","","","","","","","","","","","","","","","","","","","","","","","","","","","","","","","","","","","","","","","","","","","","","","","","","","","","","","","","","","","","","","","","","","","","","","","","","","","","","","","","","","","","","","","","","","","","","","","","","","","","","","","","","","","","","","","","","","","","","","","","","","","","","","","","","","","","","","","","","","","","","","","","","","","","","","","","","","","","","","","","","","","","","","","","","","","","","","","","",""
"","","","","","","","","","","","","","","","","","","","","","","","","","","","Bloodlust Brooch [35166] {true} --120-- ++20++","Kampfrauschbrosche        ","嗜血胸针","Брошь Кровожадности","Broche sanguinaire","","","","","","","","","","","","","","","","","","","","","","","","","","","","","","","","","","","","","","","","","","","","","","","","","","","","","","","","","","","","","","","","","","","","","","","","","","","","","","","","","","","","","","","","","","","","","","","","","","","","","","","","","","","","","","","","","","","","","","","","","","","","","","","","","","","","","","","","","","","","","","","","","","","","","","","","","","","","","","","","","","","","","","","","","","","","","","","","","","","","",""
"","","","","","","","","","","","","","","","","","","","","","","","","","","","Core of Ar'kelos [35733] {true} --120-- ++20++","Kern von Ak'elos","阿尔凯洛斯之核","Сердцевина Ар'келоса","Noyau d'Ar'kelos","","","","","","","","","","","","","","","","","","","","","","","","","","","","","","","","","","","","","","","","","","","","","","","","","","","","","","","","","","","","","","","","","","","","","","","","","","","","","","","","","","","","","","","","","","","","","","","","","","","","","","","","","","","","","","","","","","","","","","","","","","","","","","","","","","","","","","","","","","","","","","","","","","","","","","","","","","","","","","","","","","","","","","","","","","","","","","","","","","","","",""
"","","","","","","","","","","","","","","","","","","","","","","","","","","","Crystalforged Trinket [40724] {true} --60-- ++10++","Kristallgeschmiedetes Schmuckstück","晶铸饰品","Хрустальное украшение","Bijou cristalforgé","","","","","","","","","","","","","","","","","","","","","","","","","","","","","","","","","","","","","","","","","","","","","","","","","","","","","","","","","","","","","","","","","","","","","","","","","","","","","","","","","","","","","","","","","","","","","","","","","","","","","","","","","","","","","","","","","","","","","","","","","","","","","","","","","","","","","","","","","","","","","","","","","","","","","","","","","","","","","","","","","","","","","","","","","","","","","","","","","","","","",""
"","","","","","","","","","","","","","","","","","","","","","","","","","","","Empty Mug of Direbrew [51955] {true} --120-- ++20++","Leerer Düsterbräubecher","空的烈酒杯","Пустая кружка Худовара","Chope de navrebière vide","","","","","","","","","","","","","","","","","","","","","","","","","","","","","","","","","","","","","","","","","","","","","","","","","","","","","","","","","","","","","","","","","","","","","","","","","","","","","","","","","","","","","","","","","","","","","","","","","","","","","","","","","","","","","","","","","","","","","","","","","","","","","","","","","","","","","","","","","","","","","","","","","","","","","","","","","","","","","","","","","","","","","","","","","","","","","","","","","","","","",""
"","","","","","","","","","","","","","","","","","","","","","","","","","","","Fetish of the Fallen [33014] {true} --120--","Fetisch des Gefallenen","王者塑像","Фетиш падших","Fétiche des déchus","","","","","","","","","","","","","","","","","","","","","","","","","","","","","","","","","","","","","","","","","","","","","","","","","","","","","","","","","","","","","","","","","","","","","","","","","","","","","","","","","","","","","","","","","","","","","","","","","","","","","","","","","","","","","","","","","","","","","","","","","","","","","","","","","","","","","","","","","","","","","","","","","","","","","","","","","","","","","","","","","","","","","","","","","","","","","","","","","","","","",""
"","","","","","","","","","","","","","","","","","","","","","","","","","","","Figurine - Dark Iron Scorpid [26614] {true} --300--","Figur - Dunkeleisenskorpid        ","雕像 - 黑铁蝎","Статуэтка скорпида из черного железа","Figurine de scorpide en sombrefer","","","","","","","","","","","","","","","","","","","","","","","","","","","","","","","","","","","","","","","","","","","","","","","","","","","","","","","","","","","","","","","","","","","","","","","","","","","","","","","","","","","","","","","","","","","","","","","","","","","","","","","","","","","","","","","","","","","","","","","","","","","","","","","","","","","","","","","","","","","","","","","","","","","","","","","","","","","","","","","","","","","","","","","","","","","","","","","","","","","","",""
"","","","","","","","","","","","","","","","","","","","","","","","","","","","Figurine - Nightseye Panther [31047] {true} --180-- ++12++","Figur - Nachtaugenpanther        ","雕像 - 夜目石黑豹","Статуэтка пантеры из ока ночи","Figurine de panthère d'oeil de nuit","","","","","","","","","","","","","","","","","","","","","","","","","","","","","","","","","","","","","","","","","","","","","","","","","","","","","","","","","","","","","","","","","","","","","","","","","","","","","","","","","","","","","","","","","","","","","","","","","","","","","","","","","","","","","","","","","","","","","","","","","","","","","","","","","","","","","","","","","","","","","","","","","","","","","","","","","","","","","","","","","","","","","","","","","","","","","","","","","","","","",""
"","","","","","","","","","","","","","","","","","","","","","","","","","","","Figurine - Shadowsong Panther [46784] {true} --90-- ++15++","Figur - Schattensangpanther","雕像 - 影歌石黑豹","Статуэтка пантеры Песни Теней","Figurine de panthère de chantelombre","","","","","","","","","","","","","","","","","","","","","","","","","","","","","","","","","","","","","","","","","","","","","","","","","","","","","","","","","","","","","","","","","","","","","","","","","","","","","","","","","","","","","","","","","","","","","","","","","","","","","","","","","","","","","","","","","","","","","","","","","","","","","","","","","","","","","","","","","","","","","","","","","","","","","","","","","","","","","","","","","","","","","","","","","","","","","","","","","","","","",""
"","","","","","","","","","","","","","","","","","","","","","","","","","","","Icon of Unyielding Courage [34106] {true} --120-- ++20++       ","Ikone des unerschütterlichen Mutes","不屈勇气徽章","Хоругвь непреклонной отваги","Icône du courage inflexible","","","","","","","","","","","","","","","","","","","","","","","","","","","","","","","","","","","","","","","","","","","","","","","","","","","","","","","","","","","","","","","","","","","","","","","","","","","","","","","","","","","","","","","","","","","","","","","","","","","","","","","","","","","","","","","","","","","","","","","","","","","","","","","","","","","","","","","","","","","","","","","","","","","","","","","","","","","","","","","","","","","","","","","","","","","","","","","","","","","","",""
"","","","","","","","","","","","","","","","","","","","","","","","","","","","Moroes' Lucky Pocket Watch [34519] {true} --120-- ++10++","Moroes' Glückstaschenuhr","莫罗斯的幸运怀表","Карманные часы удачи Мороуз","Montre de gousset porte-bonheur de Moroes","","","","","","","","","","","","","","","","","","","","","","","","","","","","","","","","","","","","","","","","","","","","","","","","","","","","","","","","","","","","","","","","","","","","","","","","","","","","","","","","","","","","","","","","","","","","","","","","","","","","","","","","","","","","","","","","","","","","","","","","","","","","","","","","","","","","","","","","","","","","","","","","","","","","","","","","","","","","","","","","","","","","","","","","","","","","","","","","","","","","",""
"","","","","","","","","","","","","","","","","","","","","","","","","","","","Badge of the Swarmguard [26480] {true} --180-- ++30++","Abzeichen der Schwarmwache","虫群卫士徽章","Жетон Стража Роя","Insigne de garde-essaim","","","","","","","","","","","","","","","","","","","","","","","","","","","","","","","","","","","","","","","","","","","","","","","","","","","","","","","","","","","","","","","","","","","","","","","","","","","","","","","","","","","","","","","","","","","","","","","","","","","","","","","","","","","","","","","","","","","","","","","","","","","","","","","","","","","","","","","","","","","","","","","","","","","","","","","","","","","","","","","","","","","","","","","","","","","","","","","","","","","","",""
"","","","","","","","","","","","","","","","","","","","","","","","","","","","Devilsaur Eye [24352] {true} --120-- ++20++","Auge eines Teufelssauriers        ","魔暴龙眼","Глаз дьявозавра","Oeil de diablosaure","","","","","","","","","","","","","","","","","","","","","","","","","","","","","","","","","","","","","","","","","","","","","","","","","","","","","","","","","","","","","","","","","","","","","","","","","","","","","","","","","","","","","","","","","","","","","","","","","","","","","","","","","","","","","","","","","","","","","","","","","","","","","","","","","","","","","","","","","","","","","","","","","","","","","","","","","","","","","","","","","","","","","","","","","","","","","","","","","","","","",""
"","","","","","","","","","","","","","","","","","","","","","","","","","","","Earthstrike [25891] {true} --120-- ++20++","Erdschlag","大地之击","Земной удар","Choc de terre","","","","","","","","","","","","","","","","","","","","","","","","","","","","","","","","","","","","","","","","","","","","","","","","","","","","","","","","","","","","","","","","","","","","","","","","","","","","","","","","","","","","","","","","","","","","","","","","","","","","","","","","","","","","","","","","","","","","","","","","","","","","","","","","","","","","","","","","","","","","","","","","","","","","","","","","","","","","","","","","","","","","","","","","","","","","","","","","","","","","",""
"","","","","","","","","","","","","","","","","","","","","","","","","","","","Jom Gabbar [29604] {true} --120-- ++20++","Jom Gabbar","沙虫之毒","Джом Габбар","Jom Gabbar","","","","","","","","","","","","","","","","","","","","","","","","","","","","","","","","","","","","","","","","","","","","","","","","","","","","","","","","","","","","","","","","","","","","","","","","","","","","","","","","","","","","","","","","","","","","","","","","","","","","","","","","","","","","","","","","","","","","","","","","","","","","","","","","","","","","","","","","","","","","","","","","","","","","","","","","","","","","","","","","","","","","","","","","","","","","","","","","","","","","",""
"","","","","","","","","","","","","","","","","","","","","","","","","","","","Kiss of the Spider [28866] {true} --120-- ++15++","Kuss der Spinne","蜘蛛之吻","Поцелуй паука","Baiser de l'araignée","","","","","","","","","","","","","","","","","","","","","","","","","","","","","","","","","","","","","","","","","","","","","","","","","","","","","","","","","","","","","","","","","","","","","","","","","","","","","","","","","","","","","","","","","","","","","","","","","","","","","","","","","","","","","","","","","","","","","","","","","","","","","","","","","","","","","","","","","","","","","","","","","","","","","","","","","","","","","","","","","","","","","","","","","","","","","","","","","","","","",""
"","","","","","","","","","","","","","","","","","","","","","","","","","","","Renataki's Charm of Beasts [24531] --180--","Renatakis Amulett der Bestien","雷纳塔基的野兽护符","Звериный оберег Ренатаки","Charme des bêtes de Renataki","","","","","","","","","","","","","","","","","","","","","","","","","","","","","","","","","","","","","","","","","","","","","","","","","","","","","","","","","","","","","","","","","","","","","","","","","","","","","","","","","","","","","","","","","","","","","","","","","","","","","","","","","","","","","","","","","","","","","","","","","","","","","","","","","","","","","","","","","","","","","","","","","","","","","","","","","","","","","","","","","","","","","","","","","","","","","","","","","","","","",""
"","","","","","","","","","","","","","","","","","","","","","","","","","","","Renataki's Charm of Trickery [24532] --180--","Renatakis Amulett der Gaunerei","雷纳塔基的护符狡诈","Амулет коварства Ренатаки","Charme de supercherie de Renataki","","","","","","","","","","","","","","","","","","","","","","","","","","","","","","","","","","","","","","","","","","","","","","","","","","","","","","","","","","","","","","","","","","","","","","","","","","","","","","","","","","","","","","","","","","","","","","","","","","","","","","","","","","","","","","","","","","","","","","","","","","","","","","","","","","","","","","","","","","","","","","","","","","","","","","","","","","","","","","","","","","","","","","","","","","","","","","","","","","","","",""
"","","","","","","","","","","","","","","","","","","","","","","","","","","","Slayer's Crest [28777] {true} --120-- ++20++","Wappen des Schlächters","屠龙者的纹章","Гребень убийцы","Blason de tueur","","","","","","","","","","","","","","","","","","","","","","","","","","","","","","","","","","","","","","","","","","","","","","","","","","","","","","","","","","","","","","","","","","","","","","","","","","","","","","","","","","","","","","","","","","","","","","","","","","","","","","","","","","","","","","","","","","","","","","","","","","","","","","","","","","","","","","","","","","","","","","","","","","","","","","","","","","","","","","","","","","","","","","","","","","","","","","","","","","","","",""
"","","","","","","","","","","","","","","","","","","","","","","","","","","","Zandalarian Hero Medallion [24661] {true} --120-- ++20++","Heldenmedaillon der Zandalari","赞达拉英雄勋章","Геройский медальон зандаларов","Médaillon de héros zandalarien","","","","","","","","","","","","","","","","","","","","","","","","","","","","","","","","","","","","","","","","","","","","","","","","","","","","","","","","","","","","","","","","","","","","","","","","","","","","","","","","","","","","","","","","","","","","","","","","","","","","","","","","","","","","","","","","","","","","","","","","","","","","","","","","","","","","","","","","","","","","","","","","","","","","","","","","","","","","","","","","","","","","","","","","","","","","","","","","","","","","",""
"","","","","","","","","","","","","","","","","","","","","","","","","","","","any PvP Battlemaster's [44055] {true} --180-- ++15++","jedes Kampfmeister-PVP-Trinket","任意PVP 战斗大师饰品","любой PvP-военачальника","n'importe quel bijou PVP Battlemaster","","","","","","","","","","","","","","","","","","","","","","","","","","","","","","","","","","","","","","","","","","","","","","","","","","","","","","","","","","","","","","","","","","","","","","","","","","","","","","","","","","","","","","","","","","","","","","","","","","","","","","","","","","","","","","","","","","","","","","","","","","","","","","","","","","","","","","","","","","","","","","","","","","","","","","","","","","","","","","","","","","","","","","","","","","","","","","","","","","","","",""
"","","","","","","","","","","","","","","","","","","","","","","","","","","","any PvP Medallion/Insignia [42292] --120--","jede PVP-Insignie","任意PVP 勋章/徽记","любой PvP-Медальон","n'importe quel insigne du PVP","","","","","","","","","","","","","","","","","","","","","","","","","","","","","","","","","","","","","","","","","","","","","","","","","","","","","","","","","","","","","","","","","","","","","","","","","","","","","","","","","","","","","","","","","","","","","","","","","","","","","","","","","","","","","","","","","","","","","","","","","","","","","","","","","","","","","","","","","","","","","","","","","","","","","","","","","","","","","","","","","","","","","","","","","","","","","","","","","","","","",""
"","","","","","","","","","","","","","","","","","","","","","","","","","","","Talisman of the Horde/Alliance [32140,33828] --120--","Talisman der Horde/Allianz","部落/联盟护符","Талисман Орды/Талисман Альянса","Talisman de la Horde/de l'Alliance","","","","","","","","","","","","","","","","","","","","","","","","","","","","","","","","","","","","","","","","","","","","","","","","","","","","","","","","","","","","","","","","","","","","","","","","","","","","","","","","","","","","","","","","","","","","","","","","","","","","","","","","","","","","","","","","","","","","","","","","","","","","","","","","","","","","","","","","","","","","","","","","","","","","","","","","","","","","","","","","","","","","","","","","","","","","","","","","","","","","",""
"","","","","","","","","","","","","","","","","","","","","","","","","","","","Cold Eye Basilisk [1139]","Kaltes Basiliskenauge","冷蜥蜴眼","Глаз ледяного василиска","Oeil de basilic Oeil-de-glace","","","","","","","","","","","","","","","","","","","","","","","","","","","","","","","","","","","","","","","","","","","","","","","","","","","","","","","","","","","","","","","","","","","","","","","","","","","","","","","","","","","","","","","","","","","","","","","","","","","","","","","","","","","","","","","","","","","","","","","","","","","","","","","","","","","","","","","","","","","","","","","","","","","","","","","","","","","","","","","","","","","","","","","","","","","","","","","","","","","","",""
"","","","","","","","","","","","","","","","","","","","","","","","","","","","Heart of Noxxion [21954]","Herz von Noxxion        ","诺克赛恩之心","Сердце Ноксиона","Coeur de Noxcion","","","","","","","","","","","","","","","","","","","","","","","","","","","","","","","","","","","","","","","","","","","","","","","","","","","","","","","","","","","","","","","","","","","","","","","","","","","","","","","","","","","","","","","","","","","","","","","","","","","","","","","","","","","","","","","","","","","","","","","","","","","","","","","","","","","","","","","","","","","","","","","","","","","","","","","","","","","","","","","","","","","","","","","","","","","","","","","","","","","","",""
"","","","","","","","","","","","","","","","","","","","","","","","","","","","Major Recombobulator [23064]","Großer Rekombobulator","强力净化器","Большой перенаправлятор","Recombobulateur majeur","","","","","","","","","","","","","","","","","","","","","","","","","","","","","","","","","","","","","","","","","","","","","","","","","","","","","","","","","","","","","","","","","","","","","","","","","","","","","","","","","","","","","","","","","","","","","","","","","","","","","","","","","","","","","","","","","","","","","","","","","","","","","","","","","","","","","","","","","","","","","","","","","","","","","","","","","","","","","","","","","","","","","","","","","","","","","","","","","","","","",""
"","","","","","","","","","","","","","","","","","","","","","","","","","","","Vanquished Tentacle of C'Thun [26391] --180--","Bezwungene Tentakel von C'Thun","克苏恩的触须","Безжизненное щупальце К'Туна","Tentacule de C'Thun vaincu","","","","","","","","","","","","","","","","","","","","","","","","","","","","","","","","","","","","","","","","","","","","","","","","","","","","","","","","","","","","","","","","","","","","","","","","","","","","","","","","","","","","","","","","","","","","","","","","","","","","","","","","","","","","","","","","","","","","","","","","","","","","","","","","","","","","","","","","","","","","","","","","","","","","","","","","","","","","","","","","","","","","","","","","","","","","","","","","","","","","",""
"","","","","","","","","","","","","","","","","","","","","","","","","","","","Band of the Eternal Champion (ring) [35081] {true}","Band des ewigen Champions (Ring)","永恒勇士之戒（戒指)","Кольцо вечного защитника (звенеть)","Bague du champion éternel (bague)","","","","","","","","","","","","","","","","","","","","","","","","","","","","","","","","","","","","","","","","","","","","","","","","","","","","","","","","","","","","","","","","","","","","","","","","","","","","","","","","","","","","","","","","","","","","","","","","","","","","","","","","","","","","","","","","","","","","","","","","","","","","","","","","","","","","","","","","","","","","","","","","","","","","","","","","","","","","","","","","","","","","","","","","","","","","","","","","","","","","",""
"","","","","","","","","","","","","","","","","","","","","","","","","","","","Band of the Eternal Defender (ring) [35078] {true}","Band des ewigen Verteidigers (Ring)","永恒防御者之戒（戒指)","Кольцо вечного поборника (звенеть)","Bague du défenseur éternel (bague)","","","","","","","","","","","","","","","","","","","","","","","","","","","","","","","","","","","","","","","","","","","","","","","","","","","","","","","","","","","","","","","","","","","","","","","","","","","","","","","","","","","","","","","","","","","","","","","","","","","","","","","","","","","","","","","","","","","","","","","","","","","","","","","","","","","","","","","","","","","","","","","","","","","","","","","","","","","","","","","","","","","","","","","","","","","","","","","","","","","","",""
"","","","","","","","","","","","","","","","","","","","","","","","","","","","Band of the Eternal Restorer (ring) [35087] {true}","Band des ewigen Bewahrers (Ring)","永恒治愈者之戒（戒指)","Кольцо вечного восстановителя (звенеть)","Bague du guérisseur éternel (bague)","","","","","","","","","","","","","","","","","","","","","","","","","","","","","","","","","","","","","","","","","","","","","","","","","","","","","","","","","","","","","","","","","","","","","","","","","","","","","","","","","","","","","","","","","","","","","","","","","","","","","","","","","","","","","","","","","","","","","","","","","","","","","","","","","","","","","","","","","","","","","","","","","","","","","","","","","","","","","","","","","","","","","","","","","","","","","","","","","","","","",""
"","","","","","","","","","","","","","","","","","","","","","","","","","","","Band of the Eternal Sage (ring) [35084] {true}","Band des ewigen Weisen (Ring)","永恒先知之戒（戒指)","Кольцо вечного мудреца (звенеть)","Bague du sage éternel (bague)","","","","","","","","","","","","","","","","","","","","","","","","","","","","","","","","","","","","","","","","","","","","","","","","","","","","","","","","","","","","","","","","","","","","","","","","","","","","","","","","","","","","","","","","","","","","","","","","","","","","","","","","","","","","","","","","","","","","","","","","","","","","","","","","","","","","","","","","","","","","","","","","","","","","","","","","","","","","","","","","","","","","","","","","","","","","","","","","","","","","",""
"","","","","","","","","","","","","","","","","","","","","","","","","","","","Forgotten Knowledge (Blade of Wizardry; weapon) [38317] {true}","Vergessenes Wissen (Klinge der Zauberei; Waffe)","遗忘学识（巫术之刃；武器)","Забытое знание (Клинок волшебства; оружие)","Connaissance oubliée (Lame de sorcellerie; arme)","","","","","","","","","","","","","","","","","","","","","","","","","","","","","","","","","","","","","","","","","","","","","","","","","","","","","","","","","","","","","","","","","","","","","","","","","","","","","","","","","","","","","","","","","","","","","","","","","","","","","","","","","","","","","","","","","","","","","","","","","","","","","","","","","","","","","","","","","","","","","","","","","","","","","","","","","","","","","","","","","","","","","","","","","","","","","","","","","","","","",""
"","","","","","","","","","","","","","","","","","","","","","","","","","","","Haste (Manual Crowd Pummeler; weapon) [13494]","Hast (Handlicher Meuteverprügler)","急速（手动惩戒器；武器)","Ускорение (Ручной пробойник толпы; оружие)","Hâte (Roueur manuel; arme)","","","","","","","","","","","","","","","","","","","","","","","","","","","","","","","","","","","","","","","","","","","","","","","","","","","","","","","","","","","","","","","","","","","","","","","","","","","","","","","","","","","","","","","","","","","","","","","","","","","","","","","","","","","","","","","","","","","","","","","","","","","","","","","","","","","","","","","","","","","","","","","","","","","","","","","","","","","","","","","","","","","","","","","","","","","","","","","","","","","","",""
"","","","","","","","","","","","","","","","","","","","","","","","","","","","Spell Blasting (Wrath of Cenarius; ring) [25907] {true}","Zauberwucht (Zorn des Cenarius; Ring)","法术爆裂（塞纳留斯之怒；戒指)","Сила чар (Гнев Кенария; звенеть)","Sorts explosifs (Courroux de Cénarius; bague)","","","","","","","","","","","","","","","","","","","","","","","","","","","","","","","","","","","","","","","","","","","","","","","","","","","","","","","","","","","","","","","","","","","","","","","","","","","","","","","","","","","","","","","","","","","","","","","","","","","","","","","","","","","","","","","","","","","","","","","","","","","","","","","","","","","","","","","","","","","","","","","","","","","","","","","","","","","","","","","","","","","","","","","","","","","","","","","","","","","","",""
"","","","","","","","","","","","","","","","","","","","","","","","","","","","Spell Vulnerability (Nightfall; weapon) [23605]","Zauber-Verwundbarkeit (Nachtlauer; Waffe)","法术易伤（夜幕；武器)","Уязвимость к заклинаниям (Сумерки; оружие)","Vulnérabilité aux sorts (Crépuscule; arme)","","","","","","","","","","","","","","","","","","","","","","","","","","","","","","","","","","","","","","","","","","","","","","","","","","","","","","","","","","","","","","","","","","","","","","","","","","","","","","","","","","","","","","","","","","","","","","","","","","","","","","","","","","","","","","","","","","","","","","","","","","","","","","","","","","","","","","","","","","","","","","","","","","","","","","","","","","","","","","","","","","","","","","","","","","","","","","","","","","","","",""
"","","","","","","","","","","","","","","","","","","","","","","","","","","","Arcane Torrent [25046,28730] {true} --120-- ++2++","Arkaner Strom","奥术洪流","Волшебный поток","Torrent arcanique","","","","","","","","","","","","","","","","","","","","","","","","","","","","","","","","","","","","","","","","","","","","","","","","","","","","","","","","","","","","","","","","","","","","","","","","","","","","","","","","","","","","","","","","","","","","","","","","","","","","","","","","","","","","","","","","","","","","","","","","","","","","","","","","","","","","","","","","","","","","","","","","","","","","","","","","","","","","","","","","","","","","","","","","","","","","","","","","","","","","",""
"","","","","","","","","","","","","","","","","","","","","","","","","","","","Berserking [26635] {true} --180-- ++10++","Berserker","狂暴","Боевое исступление","Berserker","","","","","","","","","","","","","","","","","","","","","","","","","","","","","","","","","","","","","","","","","","","","","","","","","","","","","","","","","","","","","","","","","","","","","","","","","","","","","","","","","","","","","","","","","","","","","","","","","","","","","","","","","","","","","","","","","","","","","","","","","","","","","","","","","","","","","","","","","","","","","","","","","","","","","","","","","","","","","","","","","","","","","","","","","","","","","","","","","","","","",""
"","","","","","","","","","","","","","","","","","","","","","","","","","","","Blood Fury [20572,33697,33702] {true} --120-- ++25++","Kochendes Blut","血性狂怒","Кровавое неистовство","Fureur sanguinaire","","","","","","","","","","","","","","","","","","","","","","","","","","","","","","","","","","","","","","","","","","","","","","","","","","","","","","","","","","","","","","","","","","","","","","","","","","","","","","","","","","","","","","","","","","","","","","","","","","","","","","","","","","","","","","","","","","","","","","","","","","","","","","","","","","","","","","","","","","","","","","","","","","","","","","","","","","","","","","","","","","","","","","","","","","","","","","","","","","","","",""
"","","","","","","","","","","","","","","","","","","","","","","","","","","","Desperate Prayer [19243] --600--","Verzweifeltes Gebet","绝望祷言","Молитва отчаяния","Prière du désespoir","","","","","","","","","","","","","","","","","","","","","","","","","","","","","","","","","","","","","","","","","","","","","","","","","","","","","","","","","","","","","","","","","","","","","","","","","","","","","","","","","","","","","","","","","","","","","","","","","","","","","","","","","","","","","","","","","","","","","","","","","","","","","","","","","","","","","","","","","","","","","","","","","","","","","","","","","","","","","","","","","","","","","","","","","","","","","","","","","","","","",""
"","","","","","","","","","","","","","","","","","","","","","","","","","","","Elune's Grace [2651] {true} --300-- ++15++","Elunes Anmut","艾露恩的赐福","Благодать Элуны","Grâce d'Elune","","","","","","","","","","","","","","","","","","","","","","","","","","","","","","","","","","","","","","","","","","","","","","","","","","","","","","","","","","","","","","","","","","","","","","","","","","","","","","","","","","","","","","","","","","","","","","","","","","","","","","","","","","","","","","","","","","","","","","","","","","","","","","","","","","","","","","","","","","","","","","","","","","","","","","","","","","","","","","","","","","","","","","","","","","","","","","","","","","","","",""
"","","","","","","","","","","","","","","","","","","","","","","","","","","","Escape Artist [20589]","Entfesselungskünstler","逃命专家","Мастер побега","Maître de l'évasion","","","","","","","","","","","","","","","","","","","","","","","","","","","","","","","","","","","","","","","","","","","","","","","","","","","","","","","","","","","","","","","","","","","","","","","","","","","","","","","","","","","","","","","","","","","","","","","","","","","","","","","","","","","","","","","","","","","","","","","","","","","","","","","","","","","","","","","","","","","","","","","","","","","","","","","","","","","","","","","","","","","","","","","","","","","","","","","","","","","","",""
"","","","","","","","","","","","","","","","","","","","","","","","","","","","Fear Ward [6346]","Furchtzauberschutz","防护恐惧结界","Защита от страха","Gardien de peur","","","","","","","","","","","","","","","","","","","","","","","","","","","","","","","","","","","","","","","","","","","","","","","","","","","","","","","","","","","","","","","","","","","","","","","","","","","","","","","","","","","","","","","","","","","","","","","","","","","","","","","","","","","","","","","","","","","","","","","","","","","","","","","","","","","","","","","","","","","","","","","","","","","","","","","","","","","","","","","","","","","","","","","","","","","","","","","","","","","","",""
"","","","","","","","","","","","","","","","","","","","","","","","","","","","Gift of the Naaru [28880] --180--","Gabe der Naaru","纳鲁的赐福","Дар наару","Don des naaru","","","","","","","","","","","","","","","","","","","","","","","","","","","","","","","","","","","","","","","","","","","","","","","","","","","","","","","","","","","","","","","","","","","","","","","","","","","","","","","","","","","","","","","","","","","","","","","","","","","","","","","","","","","","","","","","","","","","","","","","","","","","","","","","","","","","","","","","","","","","","","","","","","","","","","","","","","","","","","","","","","","","","","","","","","","","","","","","","","","","",""
"","","","","","","","","","","","","","","","","","","","","","","","","","","","Stoneform [20594] {true} --180-- ++8++","Steingestalt","石像形态","Каменная форма","Forme de pierre","","","","","","","","","","","","","","","","","","","","","","","","","","","","","","","","","","","","","","","","","","","","","","","","","","","","","","","","","","","","","","","","","","","","","","","","","","","","","","","","","","","","","","","","","","","","","","","","","","","","","","","","","","","","","","","","","","","","","","","","","","","","","","","","","","","","","","","","","","","","","","","","","","","","","","","","","","","","","","","","","","","","","","","","","","","","","","","","","","","","",""
"","","","","","","","","","","","","","","","","","","","","","","","","","","","War Stomp [20549] --120--","Kriegsdonner","战争践踏","Громовая поступь","Choc martial","","","","","","","","","","","","","","","","","","","","","","","","","","","","","","","","","","","","","","","","","","","","","","","","","","","","","","","","","","","","","","","","","","","","","","","","","","","","","","","","","","","","","","","","","","","","","","","","","","","","","","","","","","","","","","","","","","","","","","","","","","","","","","","","","","","","","","","","","","","","","","","","","","","","","","","","","","","","","","","","","","","","","","","","","","","","","","","","","","","","",""